Eesnimi;Perenimi;Sünniaeg;Sugu;Isikukood
Jarek;Kudrjavtsev;19.09.1976;M;37609190256
Sebastian;Aasmäe;09.05.1976;M;37605096412
Jan;Kool;21.10.1996;M;39610210922
Pille;Kask;18.10.1960;N;46010188007
Fredy;Lehiste;29.05.1967;M;36705291425
Kairit;Järvesaar;22.06.1992;N;49206229080
Marvin;Heinsalu;01.08.1987;M;38708019391
Eva Lotta;Lukk;05.10.1964;N;46410050187
Marili;Kink;29.01.1995;N;49501297976
Jaak;Lotman;24.05.1973;M;37305246438
Meribel;Drozdov;24.07.1992;N;49207243873
Markkus;Jõesaar;23.09.1980;M;38009236333
Õnnela;Voronin;14.04.1965;N;46504140884
Viktorija;Sander;23.07.1965;N;46507232192
Taago;Allas;19.10.1964;M;36410190763
Maarja-Liis;Taal;02.04.1988;N;48804029605
Daniel;Viks;12.07.1966;M;36607121937
Ian;Leppik;16.01.1993;M;39301166630
Cärolin;Unt;02.12.1969;N;46912021067
Richard;Käsper;01.08.1961;M;36108010708
Simmo;Lumiste;17.01.1989;M;38901170911
Jüri;Tamberg;25.09.1999;M;39909257194
Nelli;Püvi;25.09.1981;N;48109251093
Eva-Maria;Lind;20.03.1967;N;46703207421
Lisanna;Kaljula;01.10.1981;N;48110016440
Margo;Ots;02.10.1978;M;37810022917
Mare;Pikk;01.06.1983;N;48306016206
Markkus;Vain;12.07.1994;M;39407125676
Kätlin;Stepanov;11.10.1998;N;49810110062
Tarvi;Trei;01.11.1991;M;39111012342
Aveli;Sillaste;23.03.1969;N;46903230551
Armo;Bõstrov;19.06.1989;M;38906198642
Tiit;Ivask;03.11.1975;M;37511037920
Romet;Suvorov;08.07.1963;M;36307086931
Pilleriin;Kikkas;08.12.1986;N;48612084224
Marilyn;Maack;28.06.1963;N;46306282259
Teet;Oja;09.02.1981;M;38102099429
Tobias;Powell;14.10.1989;M;38910147843
Daniela;Kink;07.06.1961;N;46106071129
Liia;Drozdov;09.12.1972;N;47212092265
Aivar;Merisaar;22.09.1997;M;39709225065
Kristjan;Baskin;14.01.1982;M;38201140362
Mart;Täht;12.01.1971;M;37101127176
Ketlin;Sokolov;12.12.1965;N;46512128660
Kaspar;Medvedev;23.09.1996;M;39609237693
Matthias;Herodes;23.01.1991;M;39101234597
Liisi;Poljakov;10.07.1973;N;47307107453
Arlet;Miller;01.07.1986;M;38607015638
Peep;Laht;04.03.1973;M;37303043942
Laura;Rüütel;20.10.1972;N;47210202423
Jevgeni;Hanson;27.05.1981;M;38105274916
Mart;Org;13.10.1978;M;37810136817
Kirsika;Lass;19.08.1979;N;47908193448
Anabell;Maidla;02.02.1962;N;46202026537
Airika;Järv;31.07.1961;N;46107318823
Anastassia;Tsvetkov;04.01.1999;N;49901042678
Veiko;Jakobson;12.06.1994;M;39406125087
Maria;Toomsalu;09.12.1998;N;49812098153
Teili;Ploom;07.08.1992;N;49208074854
Darina;Sillaste;30.04.1962;N;46204307525
Britt;Õunapuu;25.12.1986;N;48612257285
Kerttu;Rohtla;13.03.1980;N;48003133854
Heleri;Pärna;23.10.1986;N;48610239197
Lija;Tammet;13.10.1996;N;49610130916
Ruben;Pettai;26.11.1961;M;36111266387
Vassili;Zahharov;03.01.1974;M;37401031707
Maret;Korol;25.06.1962;N;46206258138
Tamara;Medvedev;19.07.1968;N;46807191613
Ardi;Vlassov;17.03.1979;M;37903175297
Anete;Piirsalu;24.11.1989;N;48911241277
Karl Mihkel;Ivask;01.06.1982;M;38206013008
Aire;Kroon;07.04.1991;N;49104070261
Liia;Kalamees;04.03.1971;N;47103041012
Aron;Peterson;23.08.1963;M;36308231517
Felix;Vill;11.05.1981;M;38105113807
Marina;Alekseev;15.06.1966;N;46606158113
Karl Jakob;Leht;01.09.1978;M;37809015937
Siim;Paju;13.04.1997;M;39704134237
Sophia;Vinogradov;29.12.1970;N;47012291166
Dajana;Põldmaa;15.01.1981;N;48101157367
Geidi;Tiik;15.05.1975;N;47505151913
Harri;Sepp;17.07.1980;M;38007174100
Kirsika;Tamm;18.04.1997;N;49704187098
Valentina;Kikkas;08.01.1980;N;48001085755
Kennet;Kiil;20.08.1962;M;36208205084
Ranar;Pent;15.10.1966;M;36610156440
Mairo;Kivi;06.04.1973;M;37304063145
Johann;Kiik;07.04.1971;M;37104077298
Merily;Mürk;28.08.1992;N;49208287331
Ergo;Lepp;07.08.1960;M;36008078161
Marje;Baranov;08.10.1975;N;47510081865
Taisi;Kirss;13.09.1999;N;49909130569
Marti;Mann;19.07.1991;M;39107198023
Ervin;Kalda;18.07.1990;M;39007181848
Kairi;Sutt;09.08.1967;N;46708093388
Geir;Väli;10.08.1967;M;36708101938
Kadi;Kotkas;09.05.1964;N;46405092515
Alice;Toomsalu;29.03.1960;N;46003299875
Holger;Raamat;28.03.1978;M;37803286708
Helis;Pihlak;03.06.1994;N;49406033524
Ander;Andreev;09.07.1976;M;37607099662
Veera;Kaljuste;05.11.1987;N;48711053629
Ines;Härm;14.05.1975;N;47505147131
Reimo;Silm;23.08.1994;M;39408235928
Elise;Raag;24.02.1984;N;48402246574
Thomas;Gusev;07.02.1965;M;36502071072
Markel;Suvi;04.02.1975;M;37502045322
Aliise;Saveljev;05.10.1978;N;47810056379
Gleb;Klimov;09.01.1987;M;38701092145
Revo;Müürsepp;06.10.1976;M;37610068054
Vanessa;Sorokin;13.01.1990;N;49001133990
Kätriin;Uustalu;10.10.1964;N;46410105162
Karl;Suvorov;11.04.1989;M;38904114682
Keily;Kalinin;26.03.1994;N;49403266067
Karl Joonas;Mäeots;03.12.1964;M;36412035151
Carolyn;Juhkam;07.10.1975;N;47510071435
Elisa;Markson;28.06.1987;N;48706289161
Marin;Liblik;15.12.1979;N;47912154109
Felix;Mölder;19.03.1969;M;36903192411
Emilie;Lokk;26.09.1994;N;49409260548
Elar;Baskin;02.09.1992;M;39209027703
Kauri;Pajula;25.12.1960;M;36012257843
Lilian;Veski;20.11.1975;N;47511203135
Alar;Kodres;08.03.1997;M;39703082234
Emili;Olesk;17.01.1971;N;47101172502
Patrick;Puusepp;24.12.1966;M;36612242793
Oliivia;Sillaste;23.03.1984;N;48403239346
Erika;Salumets;25.02.1988;N;48802253729
Inna;Niit;08.03.1993;N;49303089381
Mikael;Vasiliev;21.12.1986;M;38612218418
Fjodor;Kasemets;01.06.1973;M;37306014269
Rebeca;Sepp;18.02.1993;N;49302181155
Arles;Zahharov;19.03.1970;M;37003194376
Frank;Rätsep;25.02.1992;M;39202256497
Heidi;Lepik;26.06.1962;N;46206268270
Märten;Semenov;21.05.1987;M;38705217059
Renno;Nuut;02.05.1992;M;39205029700
Viktoriya;Rohtla;20.06.1966;N;46606206753
Ivar;Lill;21.04.1968;M;36804218320
Hanno;Laht;19.06.1976;M;37606190817
Greta;Männiste;05.03.1979;N;47903052121
Mariete;Väli;20.10.1986;N;48610204765
Ingmar;Naumov;26.12.1970;M;37012260329
Merilin;Lumiste;07.07.1978;N;47807072328
Sonja;Visnapuu;20.09.1977;N;47709203910
Lauren;Pulk;11.01.1987;N;48701113587
Cärol;Lepp;28.07.1987;N;48707287309
Deivid;Unt;03.06.1972;M;37206031667
Meelis;Lang;13.09.1992;M;39209138876
Tairo;Gavrilov;06.05.1981;M;38105066089
Karl Johan;Säde;31.07.1960;M;36007317495
Maxim;Kukk;16.05.1975;M;37505168971
Aire;Pärtel;05.06.1961;N;46106056641
Edvard;Aus;26.01.1974;M;37401269182
Ljudmila;Laks;19.03.1979;N;47903198689
Kenno;Veski;28.06.1980;M;38006280945
Xenia;Beljajev;08.08.1964;N;46408081429
Joonas;Reimann;19.02.1998;M;39802192305
Andrea;Laas;01.07.1989;N;48907016895
Gabriel;Viks;18.01.1998;M;39801188262
Greete;Mäeots;07.06.1994;N;49406076643
Andrus;Remmel;13.10.1971;M;37110135955
Kregor;Abderhalden;14.06.1972;M;37206145538
Danel;Lotman;11.09.1988;M;38809113754
Maiu;Piho;25.10.1961;N;46110256679
Teele;Võsu;18.09.1960;N;46009180105
Kärt;Kaljula;30.06.1990;N;49006302919
Christian;Kulikov;24.03.1995;M;39503244227
Alexandra;Tsvetkov;01.07.1990;N;49007014642
Gendra;Pärnpuu;06.04.1964;N;46404068791
Dario;Aas;22.06.1966;M;36606224583
Ingmar;Varik;20.09.1975;M;37509205657
Eva;Mäeots;19.06.1961;N;46106190810
Andrias;Kant;03.01.1980;M;38001038987
Marelle;Michelson;21.01.1990;N;49001218170
Reeli;Lätt;30.07.1972;N;47207307492
Valdo;Varik;02.04.1988;M;38804026015
Katre;Ott;02.05.1990;N;49005029152
Laureen;Orlov;23.09.1976;N;47609236601
Ander;Moor;27.04.1999;M;39904271700
Stepan;Simson;05.04.1999;M;39904057710
Elisabet;Rosenberg;12.06.1976;N;47606128803
Marie;Karpov;12.11.1991;N;49111128682
Svjatoslav;Õispuu;06.08.1990;M;39008066519
Reena;Kivimäe;10.07.1976;N;47607100179
Lada;Tõnisson;10.01.1970;N;47001103508
Gennadi;Jakovlev;11.08.1982;M;38208118064
Miia;Vill;05.10.1966;N;46610057872
Dariya;Tiik;28.05.1990;N;49005289531
Meriliis;Müür;02.10.1983;N;48310021540
Ketrin;Liblik;27.10.1965;N;46510272458
Mark;Kattai;08.02.1996;M;39602080287
Jargo;Green;13.04.1962;M;36204136367
Brandon;Mandel;15.12.1963;M;36312152682
Kristjan;Prikk;28.07.1968;M;36807281375
Reena;Jeršov;05.12.1993;N;49312058500
Alisa;Mägi;11.09.1988;N;48809117082
Marielle;Kiis;14.03.1996;N;49603142282
Jako;Rand;14.08.1977;M;37708141228
Karolina;Hein;25.01.1987;N;48701258163
Markus;Kask;22.05.1985;M;38505227180
Sofja;Mark;22.04.1993;N;49304221876
Marju;Kiik;22.11.1974;N;47411228967
Rainar;Väli;06.04.1964;M;36404061378
Evelina;Karu;13.10.1995;N;49510133797
Karmen;Jefimov;13.02.1989;N;48902136816
Anti;Võsu;09.12.1984;M;38412098626
Heidy;Meier;01.02.1995;N;49502011487
Janne;Mändla;30.01.1967;N;46701301125
Sofja;Karpov;01.01.1982;N;48201014586
Erik;Vares;26.10.1995;M;39510266650
Evgeny;Žuravljov;04.09.1973;M;37309043465
Simo;Gontšarov;15.08.1965;M;36508150084
Rain;Belov;21.02.1980;M;38002213213
Grigori;Silm;03.03.1962;M;36203035114
Simone;Tamme;13.06.1963;N;46306134875
Ege;Heinsalu;04.09.1994;N;49409044015
Jaana;Pihelgas;06.12.1962;N;46212066416
Juliana;Afanasjev;13.07.1979;N;47907132586
Marina;Pukk;27.07.1978;N;47807273976
Älis;Jeršov;16.10.1969;N;46910160601
Arlet;Loginov;02.10.1967;M;36710028622
Kirsika;Jürgenson;12.12.1996;N;49612129623
Jelena;Matvejev;15.03.1999;N;49903153365
Maie;Luht;20.03.1984;N;48403203868
Sarah;Saks;15.04.1969;N;46904156143
Tormi;Marksoo;24.02.1990;M;39002243412
Kevin;Püvi;20.04.1997;M;39704201757
Rasmus;Oja;19.04.1984;M;38404194578
Anna-Liisa;Laht;12.03.1977;N;47703122452
Kristin;Ojala;11.07.1990;N;49007119391
Anett;Fomin;22.06.1977;N;47706221704
Reimo;Mänd;01.10.1971;M;37110010343
Hanna Maria;Jaakson;14.12.1992;N;49212143765
Ingrit;Kiil;27.08.1973;N;47308274325
Sonja;Kukk;20.09.1993;N;49309200592
Margaret;Kostin;14.11.1970;N;47011140706
Keitlin;Juhkam;08.09.1979;N;47909084329
Rihard;Saare;22.08.1966;M;36608223646
Kennet;Markson;01.04.1982;M;38204017483
Carolin;Ojaste;24.09.1966;N;46609241013
Pille-Riin;Grigorieva;25.03.1983;N;48303256464
Talis;Pikk;01.03.1983;M;38303015538
Maris;Maslov;19.05.1999;N;49905194983
Nele;Ojala;30.08.1992;N;49208305381
Keven;Vahtra;16.10.1987;M;38710163927
Alina;Õunapuu;16.10.1980;N;48010162374
Kerly;Ossipov;18.05.1963;N;46305185204
Jevgenija;Piir;27.11.1991;N;49111277596
Kristofer;Reinsalu;07.03.1988;M;38803070379
Riin;Kruglov;18.03.1988;N;48803180017
Oleg;Sobolev;01.12.1967;M;36712012344
Alexandra;Ignatjev;19.12.1995;N;49512197994
Andrea;Sarapuu;12.03.1999;N;49903128623
Samanta;Pärn;13.08.1967;N;46708133817
Olari;Kondratjev;18.08.1999;M;39908182358
Robin;Lokk;10.11.1963;M;36311100007
Killu;Kuusk;16.09.1993;N;49309162256
Kender;Tilk;06.11.1989;M;38911064283
Maikel;Lang;03.07.1992;M;39207036926
Arno;Tamme;10.08.1977;M;37708100647
Stanislav;Holm;23.04.1975;M;37504239568
Annika;Lõhmus;26.04.1977;N;47704266181
Gertu;Žukov;13.08.1993;N;49308139208
Annely;Naumov;29.12.1989;N;48912290760
Ave-Marleen;Reinke;26.03.1988;N;48803263574
Edvard;Karpova;26.12.1980;M;38012261506
Yana;Filippov;10.09.1962;N;46209109374
Heiko;Bondarenko;06.02.1995;M;39502068002
Rustam;Mets;08.08.1995;M;39508088038
Markos;Vasiliev;21.03.1962;M;36203215233
Kerli;Kikas;03.08.1967;N;46708037501
Jarmo;Link;26.01.1978;M;37801267283
Enrico;Mikelsaar;18.04.1976;M;37604181884
Olesja;Suvi;01.12.1986;N;48612018567
Erko;Jeršov;01.05.1985;M;38505010595
Inna;Kikkas;19.07.1991;N;49107197755
Kati;Merila;17.06.1997;N;49706176111
Reeli;Medvedev;28.08.1965;N;46508289320
Eva-Lotta;Michelson;26.04.1960;N;46004262715
Riina;Remmel;17.05.1984;N;48405172157
Rustam;Kapp;13.03.1980;M;38003134158
Karin;Kostin;18.01.1981;N;48101185700
Gerli;Reinke;24.12.1983;N;48312247702
Ramon;Veski;07.07.1992;M;39207079028
Emma;Piho;06.01.1965;N;46501068748
Erich;Drozdov;15.02.1963;M;36302158446
Kristella;Rand;22.08.1980;N;48008223481
Olga;Borissov;03.10.1966;N;46610038949
Liisbet;Baranov;05.10.1993;N;49310058101
Žanna;Lill;08.10.1978;N;47810088483
Mikael;Jeršov;01.06.1972;M;37206011394
Ksenija;Männik;10.09.1995;N;49509100926
Julia;Prikk;22.11.1972;N;47211223293
Gabriela;Kalamees;09.12.1974;N;47412098581
Aili;Käär;25.06.1999;N;49906254523
Marin;Reimann;25.11.1992;N;49211257475
Veiko;Malõšev;09.08.1966;M;36608095721
Helery;Reinsalu;15.03.1978;N;47803151850
Anna-Liis;Poom;17.03.1991;N;49103179600
Ronja;Treier;13.01.1963;N;46301135157
Elerin;Lind;05.02.1985;N;48502051376
Liilia;Mändla;24.08.1999;N;49908247998
Toni;Kiik;10.05.1998;M;39805105487
Irina;Medvedev;30.05.1974;N;47405304493
Liise;Pent;08.01.1964;N;46401080338
Andrei;Oja;13.02.1967;M;36702135177
Jaagup;Soon;10.02.1970;M;37002109331
Marlon;Bogdanov;30.04.1993;M;39304308900
Lii;Matvejev;04.10.1989;N;48910044124
Simmo;Ruus;27.03.1980;M;38003277819
Jüri;Pruul;21.09.1962;M;36209218992
Anet;Mölder;21.09.1971;N;47109213815
Hugo;Laur;12.10.1971;M;37110128746
Einar;Jefimov;23.10.1977;M;37710238531
Mikk;Reimann;22.05.1977;M;37705225246
Lisette;Safronov;31.12.1977;N;47712317198
Vadim;Koort;03.03.1979;M;37903032641
Silvar;Bondarenko;24.04.1980;M;38004246949
Remo;Laane;10.12.1980;M;38012105756
Victoria;Kangro;02.06.1964;N;46406021638
Daria;Zaitsev;23.08.1972;N;47208239434
Mia;Pihelgas;16.01.1998;N;49801166987
Dajana;Annus;02.03.1970;N;47003028781
Kristlin;Laas;04.10.1963;N;46310046412
Urmo;Kallas;15.05.1976;M;37605156944
Deivid;Solovjov;17.11.1973;M;37311176346
Steven;Zahharov;20.12.1983;M;38312207584
Anete;Jakovlev;18.03.1960;N;46003181583
Hanna-Maria;Sobolev;14.07.1992;N;49207140640
Trinity;Liivak;06.07.1968;N;46807068523
Jevgeni;Hunt;20.01.1967;M;36701206214
Mia;Štšerbakov;21.11.1961;N;46111216893
Rando;Konstantinov;21.12.1968;M;36812219523
Karel;Vlassov;16.02.1982;M;38202169660
Kenet;Hallik;09.02.1993;M;39302098357
Stefan;Nurk;02.01.1974;M;37401020303
Rico;Rein;01.03.1968;M;36803014213
Lisett;Aavik;03.10.1962;N;46210039864
Gea;Puusepp;07.09.1990;N;49009078941
Mirelle;Kaljurand;05.11.1986;N;48611057602
Rain;Kruglov;18.06.1998;M;39806184258
Elen;Käär;25.07.1963;N;46307252735
Cassandra;Jegorov;17.08.1996;N;49608170668
Maarja-Liisa;Tiits;14.02.1991;N;49102141407
Kermo;Laas;27.08.1979;M;37908274687
Taavi;Lääts;24.06.1974;M;37406243358
Oskar;Lumi;28.10.1979;M;37910282789
Magnar;Sibul;19.10.1986;M;38610193020
Ivar;Kiis;22.07.1970;M;37007220515
Veronica;Jakobson;22.07.1980;N;48007229230
Keiti;Maasik;18.08.1993;N;49308187437
Miina;Leppik;16.11.1969;N;46911168459
Erich;Kangur;28.12.1987;M;38712286511
Aap;Viik;29.12.1996;M;39612294375
Loora;Kukk;04.07.1988;N;48807049589
Erich;Malõšev;03.03.1982;M;38203036093
Karoline;Mironov;15.10.1978;N;47810156050
Ene;Ossipov;06.07.1999;N;49907067806
Keitlin;Roosileht;09.05.1973;N;47305099524
Daria;Konstantinov;31.10.1999;N;49910310241
Ayrton;Gross;09.09.1998;M;39809093311
Annela;Stepanov;29.10.1977;N;47710290465
Ave-Marleen;Kuningas;12.12.1983;N;48312121966
Helle;Kalda;27.06.1975;N;47506276690
Karoline;Pikk;11.07.1982;N;48207110233
Ketter;Kisseljov;12.09.1969;N;46909126905
Karol;Annus;03.01.1994;M;39401036290
Gertrud;Bondarenko;27.01.1967;N;46701270649
Maarit;Kaljuvee;06.04.1988;N;48804063920
Karmo;Korol;23.05.1976;M;37605230363
Raivo;Järv;02.05.1985;M;38505023927
Tatiana;Liiv;04.05.1972;N;47205040505
Madli;Anissimov;24.01.1965;N;46501248608
Margaret;Pihlak;10.02.1961;N;46102106638
Michael;Kotkas;20.04.1968;M;36804206479
Adeele;Unt;17.05.1986;N;48605178358
Roberta;Kaljuste;05.02.1961;N;46102050455
Maido;Jürgenson;20.11.1975;M;37511208641
Marcos;Kutsar;01.05.1997;M;39705019383
Urmas;Krõlov;02.12.1998;M;39812022474
Gunnar;Gerassimov;04.01.1973;M;37301040688
Grethel;Kodres;03.05.1977;N;47705038557
Eleriin;Kikkas;11.10.1975;N;47510113532
Anatoli;Müürsepp;24.07.1994;M;39407243558
Marian;Anissimov;01.05.1970;N;47005014644
Eleonora;Kull;09.07.1976;N;47607098847
Edvin;Trei;29.03.1963;M;36303296741
Kristiina;Ivanov;02.10.1980;N;48010022042
Olev;Piho;28.09.1961;M;36109282494
Ivan;Sibul;01.07.1969;M;36907018901
Sirly;Markus;10.11.1978;N;47811102430
Age;Safronov;06.06.1981;N;48106069729
Deivi;Kilk;29.09.1999;N;49909297026
Arabella;Kikkas;07.08.1995;N;49508070372
Helin;Kivilo;27.06.1973;N;47306275101
Kennet;Trei;10.05.1998;M;39805109979
Sirly;Kass;28.12.1993;N;49312287225
Anne-Liis;Heinsalu;19.07.1976;N;47607193997
Kert;Eller;18.04.1983;M;38304187463
Henrik;Jegorov;16.10.1977;M;37710166554
Jürgen;Schmidt;30.01.1969;M;36901303775
Tambet;Rätsep;27.10.1994;M;39410274745
Susanna;Klaas;30.03.1994;N;49403305214
Kristiina;Link;27.04.1988;N;48804270672
Remi;Melnik;08.04.1993;M;39304088111
Markel;Raamat;01.11.1973;M;37311017562
Elizaveta;Vaht;15.08.1979;N;47908159412
Maili;Jänes;10.08.1972;N;47208105100
Marian;Kalmus;09.04.1986;N;48604090192
Ivan;Kruus;23.03.1988;M;38803230578
Kristella;Pihelgas;14.06.1989;N;48906142543
Meelika;Sikorski;15.04.1996;N;49604157741
Mariana;Panov;08.02.1984;N;48402085811
Anne-Ly;Schmidt;23.05.1971;N;47105238837
Henri;Jeršov;03.01.1976;M;37601034990
Lidia;Kivimäe;08.12.1968;N;46812089572
Annika;Mägi;19.04.1990;N;49004192710
Merit;Kalm;15.11.1974;N;47411152419
Hendri;Kolberg;14.05.1971;M;37105143248
Maarika;Kolesnik;11.07.1991;N;49107110199
Antti;Meier;28.08.1962;M;36208283406
Rasmus;Tamme;21.11.1971;M;37111214294
Vjatšeslav;Aasmäe;22.11.1977;M;37711228540
Teili;Abbt;18.09.1966;N;46609188365
Lidia;Saar;14.01.1976;N;47601148761
Marleen;Säde;13.06.1989;N;48906134032
Heinrich;Rein;08.03.1973;M;37303080894
Gert;Saare;23.04.1973;M;37304237166
Astrid;Kuusik;24.01.1960;N;46001241983
Anett;Sarap;01.08.1977;N;47708013598
Raneli;Kaasik;13.12.1965;N;46512132065
Reigo;Kohv;07.06.1995;M;39506077482
Marii;Kala;10.03.1987;N;48703105590
Olev;Kiis;11.04.1999;M;39904116252
Amanda;Roots;28.09.1986;N;48609284869
Rainis;Leht;25.12.1978;M;37812259786
Aile;Lepik;03.07.1979;N;47907033618
Kariina;Kulikov;03.12.1976;N;47612036736
Keith;Jürgenson;28.12.1987;M;38712281275
Devid;Müürsepp;02.12.1967;M;36712029864
Brenda;Lukk;04.09.1980;N;48009040981
Adelina;Sillaots;30.10.1978;N;47810307170
Karita;Nazarov;03.02.1974;N;47402033058
Kirsti;Vinogradov;04.03.1999;N;49903046665
Sebastian;Unt;08.06.1981;M;38106083471
Keiu;Salumäe;04.11.1982;N;48211040622
Leon;Kurvits;09.11.1979;M;37911091276
Janete;Kurg;06.09.1966;N;46609065632
Arlet;Arrak;25.09.1981;M;38109252126
Gerli;Kriisa;17.08.1984;N;48408172239
Annabella;Põldma;28.10.1994;N;49410287113
Daisi;Kasemaa;28.01.1993;N;49301285914
Marge;Tarassov;12.01.1994;N;49401129469
Elar;Toots;24.10.1967;M;36710241659
Aleksei;Simson;30.12.1972;M;37212308709
Merle;Pärnpuu;25.12.1964;N;46412254293
Nele;Reinsalu;12.04.1970;N;47004121721
Kristine;Sillaots;27.07.1993;N;49307270235
Niina;Reinsalu;31.08.1995;N;49508312916
Emilia;Piir;07.07.1988;N;48807074281
Janika;Mõttus;26.08.1992;N;49208264801
Heleriin;Villemson;20.10.1994;N;49410204833
Anna-Liisa;Lillemets;17.12.1988;N;48812177057
Agne;Saks;09.09.1969;N;46909093677
Kaili;Moroz;01.01.1994;N;49401016863
Hanna-Maria;Peterson;24.12.1992;N;49212242921
Lisa;Simson;05.07.1963;N;46307056650
Anastassija;Lillemets;18.12.1971;N;47112188692
Tony;Mäeots;23.02.1966;M;36602231219
Julia;Kadak;20.01.1960;N;46001208824
Irena;Lill;18.03.1983;N;48303182153
Feliks;Lang;05.09.1988;M;38809051475
Mirell;Siim;14.11.1978;N;47811140455
Kevin;Sikk;04.01.1977;M;37701049823
Liisa-Maria;Aakre;18.10.1969;N;46910189981
Mia;Nõmm;21.10.1972;N;47210217548
Nataly;Teras;01.10.1984;N;48410010877
Jevgenija;Aun;27.11.1990;N;49011274574
Koit;Tiits;02.11.1974;M;37411027988
Arko;Olesk;01.11.1996;M;39611010058
Hedvig;Ott;20.03.1970;N;47003202257
Janno;Post;24.04.1962;M;36204246926
Max;Lunin;12.10.1965;M;36510123278
Mailis;Kaur;12.09.1980;N;48009129218
Dajana;Oja;13.12.1969;N;46912134344
Villem;Teearu;10.03.1982;M;38203104404
Helena;Mäesalu;20.07.1990;N;49007208232
Juliana;Annus;20.05.1974;N;47405202649
Marko;Salumäe;08.07.1973;M;37307088562
Kadri;Mänd;10.11.1979;N;47911100241
Mattias;Panov;06.09.1969;M;36909062632
Karl Johannes;Sirel;22.11.1984;M;38411227579
Adriana;Kuusik;25.07.1986;N;48607252939
Konstantin;Sibul;17.03.1972;M;37203172316
Pärtel;Herodes;03.10.1977;M;37710038145
Märt;Hanson;11.08.1971;M;37108118150
Juss;Aakre;23.01.1995;M;39501232990
Getriin;Erm;23.08.1993;N;49308233538
Remy;Suvi;07.12.1982;M;38212072410
Artem;Trofimov;17.06.1983;M;38306174028
Karl Kevin;Vahter;25.01.1994;M;39401258173
Epp;Tomson;01.08.1964;N;46408015833
Minna;Meister;11.04.1991;N;49104117355
Harri;Bogdanov;27.07.1992;M;39207274818
Arno;Makarov;23.03.1965;M;36503231411
Fredy;Lass;13.06.1965;M;36506138161
Armo;Medvedev;23.10.1984;M;38410237435
Jaagup;Pihelgas;22.03.1997;M;39703228592
Katrina;Raud;07.02.1987;N;48702076464
Karl-Kristjan;Toom;13.02.1964;M;36402134361
Lii;Hansen;25.04.1995;N;49504253293
Ingvar;Lokk;05.04.1995;M;39504051851
Gerttu;Fedorov;27.11.1990;N;49011279113
Mona;Rätsep;19.09.1993;N;49309190417
Teili;Parts;26.12.1999;N;49912268383
Keimo;Kasemets;07.05.1988;M;38805074820
Maiken;Roosileht;17.03.1990;N;49003170446
Ago;Jarvis;30.08.1993;M;39308309505
Devid;Unt;14.01.1976;M;37601148633
Annabel;Käärik;14.10.1975;N;47510148271
Alexandre;Õun;30.11.1969;M;36911309567
Geidi;Eller;12.05.1986;N;48605121807
Stiven;Järvesaar;24.11.1999;M;39911247140
Lidia;Randoja;27.09.1997;N;49709273699
Daniella;Grigorieva;25.10.1992;N;49210254436
Arles;Markus;13.07.1976;M;37607138918
Emili;Sööt;01.07.1995;N;49507016075
Dmitri;Kütt;17.08.1982;M;38208179102
Jegor;Petrov;21.10.1995;M;39510211755
Elar;Lepik;06.02.1981;M;38102060286
Kaire;Markson;23.04.1970;N;47004230918
Veera;Reinsalu;17.12.1996;N;49612177323
Eva-Liisa;Põldma;19.05.1971;N;47105195871
Karmo;Golubev;04.06.1985;M;38506048318
Karl Markus;Mikk;29.08.1996;M;39608290970
Sanna;Loginov;31.01.1962;N;46201314488
Karlis;Miller;03.11.1991;M;39111034796
Sandra;Filatov;13.08.1968;N;46808132030
Silvar;Toots;04.09.1961;M;36109044371
Mairon;Mann;25.08.1966;M;36608257045
Kaidi;Koort;11.04.1994;N;49404114997
Nataly;Romanov;09.11.1968;N;46811099613
Ljubov;Martinson;28.02.1979;N;47902289100
Yury;Raudsepp;30.04.1994;M;39404304087
Patricia;Õunapuu;15.11.1971;N;47111159163
Gunnar;Maksimov;30.06.1960;M;36006300783
Hanna Maria;Vorobjov;21.06.1974;N;47406218692
Dagne;Tomingas;07.06.1973;N;47306070326
Janely;Leht;09.07.1965;N;46507094728
Greta;Kasemets;26.01.1966;N;46601262085
Karl Erik;Põldmaa;12.03.1970;M;37003125780
Anastasia;Borissov;10.02.1970;N;47002101864
Kaupo;Heinsoo;20.02.1988;M;38802204779
Ronaldo;Erik;06.06.1995;M;39506066877
Anne-Mari;Erik;17.01.1981;N;48101179049
Magnus;Kurvits;08.01.1984;M;38401083738
Taisi;Mägi;31.01.1973;N;47301310790
Ahto;Järvekülg;10.09.1977;M;37709105000
Andra;Sikk;23.12.1967;N;46712236821
Lauri;Ots;22.08.1967;M;36708229589
Karl Joonas;Lukk;19.03.1971;M;37103199568
Ronald;Kesküla;18.05.1971;M;37105180805
Mare;Koger;09.01.1976;N;47601092580
Reena;Taal;18.07.1977;N;47707185164
Alondra;Tamberg;25.07.1963;N;46307255523
Mariliis;Treier;01.05.1997;N;49705013704
Sandro;Markson;20.05.1982;M;38205208454
Urmo;Kant;06.11.1987;M;38711065843
Villem;Anderson;14.06.1967;M;36706145816
Anastasija;Urb;09.11.1960;N;46011094070
Killu;Tammet;11.11.1991;N;49111110778
Raul;Pruul;26.06.1963;M;36306265086
Renno;Sarapuu;27.05.1988;M;38805272766
Oksana;Pärnpuu;02.03.1975;N;47503021989
Luisa;Kapp;14.12.1997;N;49712141099
Carmen;Gross;13.06.1980;N;48006138287
Avely;Kuningas;21.04.1973;N;47304218657
Juliana;Kesküla;08.01.1990;N;49001087377
Martti;Suits;11.02.1985;M;38502116282
Marken;Roots;14.01.1976;M;37601142489
Katrina;Martinson;22.05.1971;N;47105229673
Keiro;Mänd;25.10.1968;M;36810252243
Eva-Lotta;Saks;29.07.1986;N;48607296169
Ines;Baskin;04.09.1989;N;48909041306
Mariell;Timofejev;07.04.1983;N;48304074282
Anna-Liisa;Zaitsev;31.05.1983;N;48305313432
Kristiin;Pruul;02.02.1978;N;47802028614
Kaisa;Sokk;30.10.1971;N;47110304776
Tamara;Laks;04.04.1973;N;47304047647
Liisa;Kaljurand;15.06.1970;N;47006157722
Karl Gustav;Sikk;28.06.1963;M;36306284922
Gert;Randmaa;14.10.1970;M;37010140354
Madli;Soots;16.11.1984;N;48411160069
Margus;Põdra;22.07.1970;M;37007221206
Brittany;Žuravljov;25.11.1995;N;49511251432
Frederik;Mändla;22.11.1999;M;39911226764
Anu;Põder;29.05.1964;N;46405291750
Eleanora;Laane;11.05.1982;N;48205119640
Eerika;Liiv;13.11.1998;N;49811139664
Ailen;Varik;22.01.1985;N;48501221270
Kenet;Fjodorov;29.10.1966;M;36610293895
Caroly;Raamat;29.06.1993;N;49306293869
Oliivia;Talts;27.01.1992;N;49201271964
Ian;Kaur;22.04.1977;M;37704229999
Matti;Tammik;30.08.1999;M;39908306029
Lija;Kotkas;22.12.1985;N;48512222200
Sonja;Antonov;02.03.1982;N;48203027703
Nikita;Rätsep;05.09.1962;M;36209058834
Robi;Aavik;30.06.1982;M;38206307732
Yury;Ploom;15.07.1983;M;38307150107
Eerika;Egorov;05.09.1981;N;48109055439
Mati;Lipp;03.05.1991;M;39105032384
Stella;Kuusik;15.01.1973;N;47301154199
Tauno;Luik;28.08.1995;M;39508288907
Karol;Jalakas;29.01.1994;M;39401299429
Herman;Kirs;06.03.1976;M;37603069982
Marta;Kudrjavtsev;20.02.1986;N;48602207861
Andi;Soosalu;10.02.1961;M;36102104145
Aivo;Vill;10.03.1981;M;38103109512
Dimitri;Popov;16.02.1963;M;36302167068
Indrek;Lehtmets;11.08.1977;M;37708113977
Berit;Pärna;24.09.1967;N;46709240842
Andres;Pavlov;11.11.1962;M;36211114725
Rauno;Bondarenko;28.09.1962;M;36209285186
Karoli;Prikk;02.04.1961;N;46104022481
Raido;Hallik;18.04.1970;M;37004184686
Alexandra;Laine;16.06.1986;N;48606166029
Geir;Lõhmus;24.06.1965;M;36506241529
Jelizaveta;Nõmmik;05.09.1963;N;46309055686
Alissa;Kikas;08.03.1985;N;48503083970
Meril;Laan;01.04.1963;N;46304019562
Gretel;Sokolov;28.11.1988;N;48811282422
Nadezhda;Õispuu;22.09.1968;N;46809221802
Aimar;Tiits;14.09.1996;M;39609145015
Valeriya;Kissa;03.01.1964;N;46401033292
Marlon;Vähi;07.07.1966;M;36607072623
Sireli;Lill;23.10.1989;N;48910230993
Marge;Kuuse;23.04.1973;N;47304239162
Annabel;Laks;25.03.1982;N;48203250220
Tairo;Kroon;19.07.1981;M;38107198467
Eliisabeth;Raja;16.08.1968;N;46808167511
Remi;Toom;03.12.1966;M;36612030038
Andris;Nurm;12.12.1995;M;39512123156
Kaileen;Piho;20.01.1976;N;47601202497
Danel;Tuul;23.12.1987;M;38712239949
Karl-Markus;Jõe;15.02.1987;M;38702151753
Kalle;Kink;10.12.1993;M;39312102663
Adele;Kallas;30.07.1977;N;47707309644
Reigo;Luiga;01.09.1991;M;39109011613
Johannes;Klavan;29.02.1960;M;36002290880
Heleri;Andreev;22.10.1983;N;48310223527
Lars;Mäe;18.04.1976;M;37604182639
Katja;Kõiv;04.08.1974;N;47408046327
Gea;Salumäe;01.11.1992;N;49211016644
Daisi;Alas;09.10.1978;N;47810099796
Anton;Loorits;09.07.1970;M;37007095214
Ele;Danilov;11.05.1981;N;48105116225
Märten;Pärnpuu;13.02.1978;M;37802138196
Veljo;Pärtel;30.07.1982;M;38207305157
Kenno;Leis;09.06.1978;M;37806093071
Daniel;Raud;26.01.1998;M;39801265175
Irina;Borissov;13.10.1972;N;47210132430
Iti;Õun;19.10.1984;N;48410192629
Helerin;Bogdanov;18.07.1993;N;49307183403
Aveli;Rohtla;02.10.1991;N;49110024764
Imre;Oras;26.03.1965;M;36503268205
Lauren;Järv;17.02.1994;N;49402173791
Kerli;Štšerbakov;12.01.1982;N;48201129738
Kaire;Anderson;10.08.1999;N;49908105627
Helerin;Müürsepp;25.02.1991;N;49102257482
Tuuli;Smirnov;11.12.1961;N;46112112616
Keio;Aavik;15.07.1974;M;37407154771
Remi;Annus;27.05.1997;M;39705279282
Cätlin;Ploom;08.06.1971;N;47106080280
Uljana;Kalm;24.03.1997;N;49703243022
Mait;Vares;26.04.1985;M;38504267242
Leonid;Pettai;15.04.1999;M;39904153030
Innar;Heinsoo;04.03.1991;M;39103046134
Annika;Paal;16.06.1988;N;48806166399
Lisete;Kudrjavtsev;15.06.1966;N;46606151175
Kaspar;Roos;23.01.1980;M;38001236726
Cassandra;Nikitin;01.11.1981;N;48111013352
Karl Jakob;Liblik;18.04.1965;M;36504183240
Cathy;Melnik;03.05.1971;N;47105037511
Cristofer;Rüütel;01.04.1986;M;38604013347
Martti;Tammet;12.08.1988;M;38808127839
Pjotr;Annus;05.12.1980;M;38012057308
Harry;Jarvis;28.08.1993;M;39308283716
Ago;Vaino;22.03.1995;M;39503225141
Olesja;Sarap;28.09.1979;N;47909281931
Ljubov;Vinogradov;26.10.1984;N;48410263216
Silver;Saar;28.03.1966;M;36603282610
Evgeny;Madisson;28.09.1971;M;37109287299
Dimitri;Fomin;20.06.1960;M;36006209340
Iti;Pettai;15.05.1997;N;49705150624
Melissa;Sisask;25.03.1994;N;49403256056
Üllar;Õispuu;22.09.1965;M;36509228240
Veronica;Titov;07.11.1973;N;47311078906
Hannela;Antonov;14.05.1966;N;46605144130
Evita;Nuut;09.01.1990;N;49001095598
Lii;Raamat;01.01.1969;N;46901011646
Jako;Täht;05.09.1996;M;39609059530
Geidi;Lotman;21.02.1991;N;49102213096
Magnus;Raja;01.07.1996;M;39607017574
Olivia;Jermakov;06.07.1996;N;49607066809
Armo;Rosenberg;26.07.1994;M;39407262806
Ekke;Müürsepp;02.05.1966;M;36605024338
Chris;Zahharov;28.12.1994;M;39412289034
Merili;Kuuse;10.12.1960;N;46012109716
Egert;Annus;14.11.1969;M;36911146894
Mihkel;Palm;13.07.1995;M;39507137729
Rinat;Kostin;30.10.1964;M;36410303094
Olivia;Trei;20.05.1985;N;48505201862
Vsevolod;Suvi;30.08.1991;M;39108303420
Tauno;Raja;25.03.1996;M;39603252870
Vera;Sild;12.03.1971;N;47103120302
Ketlin;Kallas;23.01.1960;N;46001237218
Renet;Kuusik;19.05.1986;M;38605191945
Tanel;Vaher;07.03.1995;M;39503071300
Anthony;Kiik;23.02.1981;M;38102239071
Karel;Lipp;13.01.1986;M;38601132720
Aivar;Teder;05.07.1985;M;38507054225
Kaari;Jarvis;13.12.1961;N;46112132315
Reti;Abbt;30.12.1968;N;46812300196
Mariliis;Järv;28.09.1995;N;49509286231
Merili;Arro;29.01.1961;N;46101295636
Anne;Sarapuu;20.07.1999;N;49907207356
Marielle;Herodes;09.05.1960;N;46005096514
Gea;Eller;04.03.1990;N;49003040840
Ene;Must;17.07.1974;N;47407174340
Emilia;Kapp;30.05.1982;N;48205308779
Toomas;Johanson;01.04.1996;M;39604014409
Maarja-Liis;Kallas;09.04.1984;N;48404098735
Siret;Tomson;21.06.1969;N;46906211849
Mart;Mäeots;30.09.1981;M;38109303869
Ariana;Kaljuvee;02.02.1970;N;47002029505
Evelina;Jürisson;13.02.1989;N;48902135346
Keiri;Rosenberg;19.11.1994;N;49411191636
Toomas;Pärtel;21.09.1972;M;37209212645
Armand;Heinsalu;21.09.1997;M;39709218358
Berit;Fedorov;23.05.1999;N;49905235725
Erlend;Mitt;09.02.1984;M;38402096081
Jüri;Powell;07.02.1999;M;39902073785
Valeriya;Abbt;02.04.1988;N;48804029081
Egon;Soo;11.08.1988;M;38808119602
Vanessa;Leppik;27.10.1976;N;47610274657
Bogdan;Kütt;02.06.1961;M;36106021256
Henri;Johanson;14.03.1971;M;37103146702
Daniela;Kool;26.05.1972;N;47205263538
Erko;Kurg;18.01.1986;M;38601185557
Sofija;Kuusk;08.08.1988;N;48808086133
Kadi-Liis;Vahtra;28.04.1967;N;46704286359
Adelina;Vill;17.06.1960;N;46006175082
Raneli;Karro;04.02.1960;N;46002047137
Silvia;Kull;04.02.1966;N;46602046809
Raivo;Pärtel;05.03.1997;M;39703057883
Tatiana;Zaitsev;01.10.1992;N;49210015521
Hendri;Oras;26.03.1963;M;36303261336
Minna;Remmel;23.03.1995;N;49503239716
Kärolin;Borissov;21.11.1985;N;48511218103
Gerdo;Viks;02.01.1994;M;39401021209
Klaarika;Kivimäe;14.10.1961;N;46110141824
Marlen;Borissov;03.02.1988;N;48802035601
Rünno;Nurk;19.09.1989;M;38909191972
Victoria;Lipp;18.04.1987;N;48704187452
Tiia;Kallaste;11.12.1971;N;47112111622
Karolina;Nuut;05.07.1993;N;49307059205
Kaire;Kuusik;27.06.1994;N;49406278734
Johanna;Ploom;26.01.1997;N;49701263728
Vitali;Lukk;03.06.1960;M;36006036481
Joonatan;Annus;24.11.1993;M;39311242647
Albina;Rüütel;24.12.1966;N;46612245212
Maiko;Ploom;03.09.1969;M;36909035679
Brittany;Popov;30.09.1998;N;49809300197
Mirell;Kangro;24.10.1981;N;48110243993
Simona;Kaljurand;24.06.1972;N;47206249233
Kait;Kalmus;17.08.1986;M;38608171021
Gustav;Lipp;04.05.1985;M;38505044397
Urmas;Kalmus;25.01.1988;M;38801255752
Ly;Pärn;11.05.1975;N;47505119730
Sille;Poom;01.07.1981;N;48107013398
Randel;Lipp;30.06.1979;M;37906305472
Veronica;Mark;05.08.1983;N;48308053332
Kärolin;Uus;19.05.1970;N;47005199071
Piret;Lääts;19.06.1976;N;47606192752
Moonika;Lätt;28.02.1988;N;48802282501
Taisi;Männik;02.01.1979;N;47901020757
Kätlin;Kink;28.06.1968;N;46806282692
Renet;Suvorov;02.10.1990;M;39010025565
Toni;Gross;16.12.1975;M;37512163099
Kauri;Meier;14.11.1964;M;36411147910
Maiken;Tooming;23.06.1967;N;46706237878
Cathy;Laan;08.10.1982;N;48210089678
Emeri;Kurm;04.06.1960;N;46006043147
Mart;Uus;05.10.1998;M;39810057391
Kätlin;Kutsar;02.06.1966;N;46606027007
Kersti;Hein;03.06.1964;N;46406032473
Lukas;Tammik;10.09.1973;M;37309108137
Kaili;Vasiliev;24.10.1971;N;47110248665
Arabella;Markson;08.02.1995;N;49502088955
Loora;Vaher;10.09.1990;N;49009100148
Mart;Lukin;07.11.1979;M;37911073239
Stepan;Lebedev;23.02.1979;M;37902236162
Sven;Lipp;27.10.1991;M;39110278012
Madis;Kirs;31.01.1989;M;38901310931
Mari-Liis;Nikolaev;18.04.1979;N;47904184679
Janika;Kaljula;28.04.1969;N;46904284220
Kairi;Volkov;26.06.1988;N;48806269031
Ljudmila;Orlov;18.04.1984;N;48404181239
Iiris;Orlov;28.02.1961;N;46102286915
Anfissa;Koger;18.08.1999;N;49908183491
Sirli;Saare;10.11.1992;N;49211109596
Julia;Kass;01.05.1975;N;47505014281
Hans;Kant;22.09.1997;M;39709227528
Agnes;Mändla;19.01.1992;N;49201195744
Ako;Kondratjev;25.12.1971;M;37112253322
Ramon;Allik;16.07.1970;M;37007162659
Tambet;Voronin;08.03.1968;M;36803087589
Elizabeth;Žukov;19.04.1966;N;46604192904
Marje;Erik;06.05.1978;N;47805061402
Kaire;Liivak;01.07.1994;N;49407018299
Mattis;Makarov;17.03.1994;M;39403170250
Robi;Suvi;23.09.1969;M;36909237027
Jaana;Aasa;02.12.1978;N;47812023355
Eike;Fedotov;05.07.1966;N;46607057826
Sten Martin;Kondratjev;08.10.1961;M;36110087081
Arthur;Kuningas;12.05.1966;M;36605126726
Anette;Tali;15.10.1963;N;46310154240
Karl Jakob;Gavrilov;24.03.1995;M;39503244136
Renate;Aasa;29.10.1993;N;49310299240
Karita;Laas;27.10.1967;N;46710270636
Izabella;Härm;21.08.1997;N;49708213306
Miikael;Prikk;15.12.1968;M;36812154637
Karolin;Must;21.11.1989;N;48911216476
Tarvo;Mets;01.07.1971;M;37107010549
Jaanek;Novikov;01.01.1964;M;36401019494
Merje;Pikk;06.01.1961;N;46101063420
Heiki;Kärner;09.11.1996;M;39611098121
Jegor;Nikiforov;30.05.1984;M;38405308404
Valentin;Martin;12.04.1992;M;39204120142
Marie;Muru;07.01.1972;N;47201075285
Andre;Hunt;09.10.1998;M;39810096594
Veroonika;Viik;23.04.1985;N;48504233948
Kelli;Kallaste;01.12.1962;N;46212017075
Triin;Gavrilov;19.05.1987;N;48705196579
Gregory;Kangur;05.07.1983;M;38307054919
Albina;Markus;23.05.1994;N;49405231050
Sten-Erik;Järvekülg;16.07.1991;M;39107162072
Veroonika;Toome;28.08.1981;N;48108284970
Simone;Oja;22.03.1964;N;46403221668
Kalle;Laanemets;15.06.1994;M;39406150236
Danel;Kuus;12.08.1977;M;37708125987
Iris;Tuul;31.08.1998;N;49808316636
Sten Martin;Komarov;03.04.1964;M;36404036949
Liisbeth;Ojaste;09.04.1967;N;46704099005
Freddy;Mitt;12.05.1991;M;39105125393
Andris;Powell;27.07.1994;M;39407275873
Valeri;Laan;28.09.1978;M;37809285710
Ülari;Nikiforov;03.03.1963;M;36303031717
Gerly;Mitt;07.12.1980;N;48012078361
Sergey;Lehiste;16.12.1966;M;36612166607
Cärol;Aus;27.03.1962;N;46203275822
Anna;Sulg;20.09.1963;N;46309201545
Olga;Sillaots;25.12.1972;N;47212251930
Raul;Lunin;02.07.1993;M;39307027572
Katja;Miller;26.12.1984;N;48412268007
Tomas;Kivistik;03.10.1981;M;38110034507
Michael;Kotkas;02.09.1987;M;38709022291
Aleksandra;Tammik;03.05.1965;N;46505034115
Ranar;Kiis;24.07.1999;M;39907241572
Joanna;Ojaste;06.02.1963;N;46302068411
Nadezda;Oja;09.03.1985;N;48503091971
Olga;Kuus;06.06.1975;N;47506067885
Arseni;Kalamees;07.02.1996;M;39602077666
Annett;Kikas;11.11.1978;N;47811119077
Kerti;Suur;07.12.1991;N;49112070770
Rainis;Hein;24.11.1996;M;39611241361
Kaidi;Ploom;04.12.1990;N;49012047917
Morten;Mann;03.06.1996;M;39606036934
Aljona;Loginov;11.05.1992;N;49205110024
Rivo;Naumov;15.03.1991;M;39103158883
Reimo;Täht;18.05.1993;M;39305181008
Veronica;Kangro;09.08.1984;N;48408095321
Stanislav;Sööt;01.12.1966;M;36612019075
Isabel;Pihlak;08.01.1967;N;46701081282
Randar;Vähi;06.01.1965;M;36501061956
Raul;Lass;18.11.1982;M;38211189819
Melany;Valge;14.05.1993;N;49305148943
Gabriela;Saveljev;08.02.1984;N;48402088486
Rinat;Nikitin;06.06.1981;M;38106063763
Tanel;Allas;08.11.1992;M;39211084571
Veroonika;Maslov;06.12.1990;N;49012065015
Reigo;Raidma;05.04.1984;M;38404054297
Reigo;Sikorski;29.11.1994;M;39411298100
Anu;Kask;14.07.1993;N;49307145312
Alan;Soo;07.12.1968;M;36812076604
Uku;Rumjantsev;05.02.1981;M;38102058192
Raivo;Kilk;01.05.1998;M;39805019162
Margareth;Hõbe;21.05.1981;N;48105216585
Marilyn;Laan;09.02.1970;N;47002095837
Hans Erik;Sokolov;09.12.1985;M;38512094024
Inger;Kõiv;01.07.1994;N;49407019662
Remi;Koort;25.06.1998;M;39806259147
Markos;Kallaste;16.04.1987;M;38704165908
Helene;Kurvits;05.03.1960;N;46003051199
Heiko;Kivilo;27.07.1965;M;36507272065
Toivo;Nikolaev;30.12.1974;M;37412301729
Heinrich;Rein;17.10.1990;M;39010173011
Ellen;Valge;30.09.1990;N;49009307891
Maarja;Lillemets;20.06.1963;N;46306205955
Alexandra;Sirel;10.12.1962;N;46212100703
Uku;Sarap;30.10.1960;M;36010308089
Aet;Mikk;09.07.1975;N;47507099686
Ekaterina;Reinsalu;18.04.1985;N;48504184538
Brigitta;Järvesaar;10.05.1988;N;48805102444
Meril;Kaljuste;01.07.1983;N;48307017843
Jan Erik;Lauri;01.07.1999;M;39907012089
Tarvi;Viik;26.01.1989;M;38901269776
Marek;Hõbe;13.05.1980;M;38005134335
Elo;Raud;06.07.1962;N;46207061740
Danila;Toots;24.03.1987;M;38703246784
Jan Markus;Piirsalu;14.10.1995;M;39510149082
Mikael;Jürgens;23.06.1974;M;37406231568
Kalvi;Klavan;07.11.1989;M;38911075264
Kärt;Unt;08.06.1980;N;48006086842
Karmel;Vaher;18.12.1964;N;46412181498
Liisa Maria;Roots;27.09.1969;N;46909278636
Artemi;Kalm;05.06.1969;M;36906058027
Auli;Kurm;12.11.1995;N;49511129293
Anabel;Kalm;30.07.1983;N;48307301931
Elvira;Hein;23.03.1966;N;46603233556
Marii;Liblik;04.09.1967;N;46709048021
Merje;Sillaots;21.01.1960;N;46001213272
Marje;Nurm;25.10.1986;N;48610250554
Enelin;Vaher;01.03.1987;N;48703015872
Tobias;Vares;12.02.1991;M;39102125455
Kauri;Abderhalden;06.11.1961;M;36111069205
Carl;Kapp;08.05.1987;M;38705087636
Marek;Järvesaar;01.03.1991;M;39103014104
Dmitri;Põdra;02.12.1996;M;39612021698
Tanel;Kurg;12.08.1998;M;39808124071
Simon;Filippov;24.02.1979;M;37902244208
Mairon;Pihlak;11.04.1988;M;38804115298
Matis;Green;05.01.1991;M;39101058284
Mari;Arula;11.04.1984;N;48404118773
Alvar;Uus;03.09.1998;M;39809033271
Raigo;Järvesaar;27.06.1979;M;37906271567
Meeli;Kulikov;06.07.1977;N;47707060599
Caroline;Lätt;01.06.1976;N;47606017771
Hendri;Luiga;15.09.1967;M;36709153784
Silvia;Liivak;11.01.1971;N;47101112142
Mark;Juhkam;09.03.1981;M;38103093369
Timur;Toom;12.06.1984;M;38406120343
Viljar;Raudsepp;07.05.1962;M;36205078634
Meelika;Lass;31.07.1970;N;47007311714
Alice;Tõnisson;25.07.1967;N;46707255185
Rain;Sergejev;31.12.1984;M;38412317792
Johann;Abel;11.07.1991;M;39107110660
Terje;Orlov;01.06.1967;N;46706015164
August;Johanson;09.05.1998;M;39805092153
Stenver;Kalamees;18.02.1995;M;39502183618
Alesja;Hansen;09.12.1960;N;46012097825
Kerstin;Kalmus;12.06.1960;N;46006122410
Mariete;Oks;02.05.1975;N;47505022709
Rivo;Makarov;15.04.1992;M;39204153330
Ragne;Põldmaa;02.03.1974;N;47403024109
Einar;Paas;20.11.1963;M;36311203246
Martha;Kodres;19.08.1974;N;47408198706
Britt;Kostin;06.07.1975;N;47507060661
Kairo;Hansen;17.04.1997;M;39704177987
Jaana;Medvedev;06.04.1974;N;47404065328
Argo;Korol;25.01.1961;M;36101259880
Julia;Mitt;26.12.1965;N;46512269896
Joosep;Erm;17.12.1974;M;37412175244
Randel;Juhkam;04.08.1963;M;36308043298
Margaret;Kelder;26.09.1990;N;49009267947
Mikk;Rebane;09.11.1978;M;37811092053
Magnar;Trofimov;09.03.1960;M;36003092319
Kerttu;Teder;27.01.1975;N;47501277031
Emil;Beljajev;30.09.1987;M;38709309049
Ketlin;Klein;14.02.1981;N;48102149077
Katariina;Medvedev;06.12.1983;N;48312066324
Eerika;Mölder;07.01.1966;N;46601074925
Ernst;Pärna;10.11.1970;M;37011106714
Marlen;Ots;01.02.1972;N;47202011172
Rahel;Meister;15.04.1970;N;47004158335
Dajana;Karu;05.06.1983;N;48306058603
Sirle;Merila;19.04.1999;N;49904198890
Annabella;Rein;11.11.1990;N;49011116811
Ahti;Renoir;14.04.1977;M;37704144137
Markkus;Nikitin;22.02.1960;M;36002222350
Lauri;Mäesalu;18.07.1981;M;38107184648
Alina;Uustalu;21.11.1974;N;47411219686
Nele-Liis;Alas;02.05.1979;N;47905028475
Carolin;Paal;25.02.1963;N;46302254425
Aveli;Bõstrov;28.03.1967;N;46703283640
Gregori;Iljin;09.02.1996;M;39602092102
Annely;Puusepp;26.08.1972;N;47208262514
Kadri-Liis;Piir;13.01.1979;N;47901137750
Jako;Kesküla;01.10.1973;M;37310013708
Rein;Kivilo;18.02.1971;M;37102180454
Pille-Riin;Täht;12.01.1963;N;46301127980
Mariana;Palu;04.09.1992;N;49209042267
Sylvia;Palu;16.04.1969;N;46904165865
Aron;Adamson;06.11.1990;M;39011068057
Nele;Jarvis;12.12.1969;N;46912120562
Konstantin;Soosaar;08.01.1964;M;36401081141
Dagmar;Bogdanov;02.05.1997;N;49705024175
Mari-Ann;Nurm;06.04.1968;N;46804062384
Oleg;Sillaots;04.05.1985;M;38505046474
Anna Liisa;Põder;23.03.1965;N;46503230949
Edith;Pihelgas;17.07.1987;N;48707173076
Reena;Veski;02.09.1965;N;46509021534
Raimond;Karu;17.06.1984;M;38406179179
Beatrice;Prikk;23.05.1980;N;48005237219
Kennet;Rein;20.09.1964;M;36409209158
Kristine;Alekseev;11.09.1962;N;46209110325
Adrian;Lõhmus;19.06.1971;M;37106195241
Ervin;Toots;26.06.1989;M;38906266704
Randel;Ots;09.11.1970;M;37011090959
Carina;Jürgens;05.10.1988;N;48810053428
Remi;Lukin;30.06.1973;M;37306309643
Alika;Silm;01.07.1973;N;47307014891
Markko;Mets;30.04.1969;M;36904301141
Ken-Martin;Sööt;20.07.1976;M;37607205166
Reijo;Kant;31.01.1981;M;38101314458
Helis;Kondratjev;04.07.1984;N;48407044858
Anastassia;Sidorov;07.09.1974;N;47409074399
Ester;Kulikov;01.03.1988;N;48803015766
Eduard;Mercklin;05.09.1975;M;37509056567
Johanna Maria;Ševtšenko;23.06.1983;N;48306231926
Valdur;Oras;16.02.1977;M;37702164551
Leonard;Sisask;23.05.1979;M;37905233645
Stenver;Aavik;18.06.1977;M;37706185921
Helina;Sikorski;29.12.1992;N;49212299185
Daniil;Puusepp;08.03.1975;M;37503085547
Kaidar;Erm;12.05.1963;M;36305121663
Magnar;Hansen;23.04.1994;M;39404233886
Albert;Saul;26.02.1985;M;38502265353
Liisbeth;Bondarenko;10.01.1974;N;47401102021
Raina;Aus;20.04.1982;N;48204208639
Deivi;Raid;16.10.1986;N;48610163518
Rostislav;Randmaa;05.10.1962;M;36210059831
Ellen;Lokk;29.12.1961;N;46112297113
Aivar;Leht;25.01.1977;M;37701255309
Evgeny;Kaljuste;28.03.1978;M;37803288726
Valdur;Kaasik;13.06.1973;M;37306131187
Kadi;Mandel;16.10.1988;N;48810167061
Ellen;Randmaa;08.03.1988;N;48803081559
Ragne;Vares;13.02.1984;N;48402133825
Keity;Lepp;22.11.1992;N;49211223496
Leonard;Schmidt;30.05.1987;M;38705303060
Richard;Tamberg;04.07.1971;M;37107045168
Isabel;Sibul;22.10.1966;N;46610229033
Virgo;Kärner;01.02.1972;M;37202017622
Mart;Kulikov;29.08.1975;M;37508299191
Keijo;Aasa;17.03.1990;M;39003176262
Ragne;Soon;01.02.1967;N;46702010949
Agris;Lukk;22.01.1991;M;39101227722
Kätlyn;Gontšarov;08.09.1985;N;48509088016
Marelle;Jürgenson;30.10.1999;N;49910309208
Krete;Tihhomirov;06.06.1967;N;46706066684
Adriana;Gusev;05.10.1979;N;47910050615
Lidia;Kadak;27.03.1997;N;49703274294
Annabell;Soon;15.01.1978;N;47801159269
Liisu;Mihhailov;23.06.1991;N;49106238794
Olari;Palu;04.02.1995;M;39502048856
Ksenja;Valge;05.06.1961;N;46106050231
Epp;Org;10.03.1975;N;47503108160
Enri;Nazarov;23.02.1970;M;37002236046
Lisell;Kurvits;02.11.1963;N;46311023518
Katriin;Suvorov;15.01.1994;N;49401156371
Morten;Borissov;03.12.1998;M;39812035259
Marily;Žuravljov;20.08.1982;N;48208200826
Ljudmila;Laane;12.01.1961;N;46101129107
Annett;Mändla;05.06.1976;N;47606057977
Reno;Kärner;16.09.1978;M;37809163413
Jalmar;Siim;14.12.1978;M;37812141231
Cassandra;Gross;16.06.1984;N;48406163473
Britta;Loginov;12.10.1996;N;49610122323
Varvara;Anderson;27.01.1991;N;49101271937
Arseni;Žukov;10.06.1974;M;37406107919
Deivid;Abderhalden;13.02.1997;M;39702138887
Matis;Käärik;01.12.1971;M;37112014797
Ranel;Tamberg;25.04.1970;M;37004255319
Andri;Sulg;30.03.1987;M;38703302875
Anete;Tiits;02.07.1970;N;47007020033
Amanda;Prikk;22.08.1995;N;49508222727
Aet;Solovjov;13.02.1981;N;48102130795
Hans;Moor;15.10.1969;M;36910152958
Karl Gustav;Kallaste;25.05.1963;M;36305255667
Alexander;Sööt;04.08.1984;M;38408040824
Mattis;Marksoo;07.04.1968;M;36804078483
Anne-Liis;Uus;30.01.1975;N;47501304008
Villem;Gavrilov;25.02.1981;M;38102255074
Nadežda;Novikov;16.05.1986;N;48605169320
Annela;Männiste;01.10.1964;N;46410017992
Sirli;Kirsipuu;15.07.1984;N;48407151414
Teili;Valk;12.07.1988;N;48807128698
Jako;Lumiste;18.06.1994;M;39406183172
Annika;Liiv;24.02.1975;N;47502241781
Mirko;Suur;22.05.1977;M;37705226680
Anžela;Raidma;06.03.1974;N;47403060391
Veroonika;Raja;03.10.1980;N;48010032534
Olga;Roosileht;20.04.1969;N;46904205016
Heidy;Annus;03.08.1977;N;47708036178
Kai;Jakovlev;04.04.1963;N;46304049807
Kasper;Kelder;06.09.1981;M;38109063589
Magnus;Anissimov;23.02.1992;M;39202239491
Adelina;Lõhmus;09.01.1997;N;49701091090
Armand;Lääne;28.10.1965;M;36510286793
Sigmar;Õispuu;28.10.1974;M;37410283390
Rebeka;Maripuu;28.04.1988;N;48804288910
Edward;Jürisson;05.07.1977;M;37707051355
Keitlin;Reinke;03.03.1987;N;48703039402
Eric;Roos;17.02.1968;M;36802172712
Ivan;Tuulik;14.10.1989;M;38910147209
Filipp;Aru;02.04.1988;M;38804022607
Maksim;Pärnpuu;02.04.1974;M;37404020994
Karita;Remmel;09.06.1973;N;47306091481
Caspar;Sisask;23.07.1967;M;36707235258
Albina;Mäesalu;15.03.1992;N;49203152615
Helerin;Roosileht;16.01.1987;N;48701161604
Darja;Kuznetsov;01.12.1976;N;47612014930
Kaspar;Lillemets;14.01.1986;M;38601148418
Jaanika;Timofejev;08.08.1979;N;47908089892
Ilya;Jõgi;25.12.1985;M;38512250824
Agnes;Muru;08.11.1967;N;46711080401
Tuuli;Kisseljov;09.10.1981;N;48110097785
Erik;Laanemets;01.07.1966;M;36607016439
Edgar;Pärna;10.10.1998;M;39810102865
Merit;Lass;08.01.1980;N;48001088170
Karolina;Männiste;06.04.1973;N;47304064630
Elina;Lebedev;11.09.1998;N;49809116723
Saara;Luiga;09.07.1960;N;46007095191
Kerttu;Rohtla;03.05.1974;N;47405031145
Randel;Org;16.11.1964;M;36411161608
Katariina;Sibul;05.07.1972;N;47207050226
Kerttu;Raid;25.02.1981;N;48102254748
Ronaldo;Mägi;03.12.1972;M;37212033733
Linda;Pettai;17.09.1985;N;48509173754
Roland;Juhanson;22.04.1961;M;36104225353
Jaana;Kangro;24.09.1987;N;48709243257
Ester;Bogdanov;12.02.1990;N;49002126898
Daniela;Laas;20.09.1986;N;48609206404
Denis;Männiste;26.10.1964;M;36410264518
Katrin;Panov;07.10.1982;N;48210078896
Vallo;Pihlak;21.10.1974;M;37410218433
Renar;Fomin;18.06.1991;M;39106183301
Heiko;Jõesaar;20.09.1998;M;39809207533
Anette;Erik;26.04.1982;N;48204269981
Geidy;Mäeots;09.12.1969;N;46912092997
Danil;Anton;07.11.1980;M;38011070962
Krete;Lõhmus;02.06.1980;N;48006023898
Sanna;Kivimäe;14.03.1995;N;49503146245
Risto;Anderson;06.09.1994;M;39409064758
Mailiis;Koger;03.07.1962;N;46207031084
Lii;Sisask;13.09.1978;N;47809134908
Grigori;Voronin;19.01.1998;M;39801194258
Hans Erik;Johanson;26.04.1982;M;38204268121
Airi;Ilves;30.11.1979;N;47911308981
Vlada;Raud;27.11.1985;N;48511272599
Valentin;Kaljuvee;31.01.1998;M;39801310404
Sirly;Liivak;26.03.1999;N;49903269468
Marko;Jarvis;29.07.1964;M;36407291409
Marily;Kaljurand;03.10.1960;N;46010030968
Maarika;Kool;07.07.1969;N;46907074303
Kennet;Meister;14.03.1968;M;36803142092
Ago;Konstantinov;28.05.1996;M;39605288699
Jennifer;Zahharov;17.09.1983;N;48309170634
Mattis;Vaher;01.04.1997;M;39704012338
Laura-Liis;Zahharov;06.12.1999;N;49912061364
Elizabeth;Teesalu;30.07.1988;N;48807301075
Even;Malõšev;08.02.1973;M;37302083379
Timmo;Kasemets;15.12.1982;M;38212156026
Margareth;Jefimov;17.07.1965;N;46507178291
Karl-Kristjan;Pärna;12.10.1967;M;36710122398
Olari;Abel;02.08.1965;M;36508022405
Alexander;Viira;22.05.1978;M;37805226706
Simone;Suur;14.08.1976;N;47608140522
Keiti;Mürk;25.12.1979;N;47912257909
Natalia;Oks;15.12.1983;N;48312154663
Gustav;Paas;11.11.1972;M;37211114559
Brandon;Nõmmik;11.03.1970;M;37003110747
Maarjo;Tilk;16.10.1970;M;37010164944
Karol;Aleksandrov;07.09.1973;M;37309076980
Leanika;Kool;08.09.1971;N;47109085521
Gabriela;Urb;17.10.1977;N;47710178014
Kelvin;Ignatjev;28.10.1983;M;38310287415
Sabrina;Heinsoo;23.11.1979;N;47911238462
Marion;Kuus;09.10.1994;N;49410090314
Vladimir;Rumjantsev;05.10.1979;M;37910056592
Luisa;Muru;31.08.1970;N;47008310751
Tambet;Laks;13.04.1968;M;36804133099
Janika;Medvedev;23.10.1962;N;46210234778
Katri;Kasak;15.05.1994;N;49405159163
Kristo;Jeršov;07.11.1994;M;39411073934
Triinu-Liis;Green;20.07.1975;N;47507208326
Lii;Remmel;22.05.1993;N;49305227456
Danila;Solovjov;28.07.1974;M;37407287254
Rostislav;Rumjantsev;16.04.1997;M;39704160993
Keily;Sobolev;08.06.1990;N;49006085987
Kregor;Kivimäe;15.12.1996;M;39612155496
Ljubov;Adamson;14.08.1968;N;46808141695
Anastassija;Jaanus;07.08.1980;N;48008077624
Greete;Gross;05.03.1993;N;49303050835
Aron;Salumets;04.11.1987;M;38711047590
Jegor;Fomin;07.11.1971;M;37111071214
Cevin;Jürgenson;31.10.1978;M;37810312033
Peep;Sillaots;12.04.1987;M;38704121123
Jennifer;Raadik;25.04.1970;N;47004254659
Evita;Kull;25.10.1999;N;49910258397
Hannabel;Ott;29.07.1982;N;48207292749
Valentin;Saul;02.04.1986;M;38604029029
Marko;Vain;13.11.1965;M;36511138215
Raner;Maack;13.04.1984;M;38404137657
Arlet;Petrov;28.11.1973;M;37311284770
Kristiine;Luik;28.03.1988;N;48803280259
Birgit;Jaanus;10.08.1982;N;48208102037
Ivo;Gerassimov;30.01.1996;M;39601301942
Aili;Ivanov;04.08.1970;N;47008049349
Betti;Laane;12.10.1973;N;47310122554
Stepan;Rüütel;28.06.1998;M;39806284585
Eleanora;Mäeots;22.03.1965;N;46503227756
Rita;Lepik;20.06.1983;N;48306202564
Ahto;Viik;29.07.1969;M;36907296342
Christian;Sander;21.12.1974;M;37412216782
Ruslan;Antonov;21.08.1978;M;37808213910
Astrid;Jegorov;13.01.1997;N;49701137293
Katja;Tamberg;23.12.1984;N;48412237327
Merlin;Kesküla;06.08.1999;N;49908068713
Valeria;Vahtra;18.03.1963;N;46303189939
Gerly;Sepp;15.02.1985;N;48502154117
Izabella;Kuusik;04.12.1985;N;48512043264
Mikk;Denissov;17.05.1985;M;38505171212
Taisi;Panov;16.06.1974;N;47406161295
Valeriya;Zahharov;29.07.1986;N;48607295176
Rebeka;Kalm;19.02.1990;N;49002191045
Kristo;Oks;16.06.1965;M;36506168686
Karoli;Lehtmets;10.04.1974;N;47404109687
Juhan;Herodes;05.11.1986;M;38611054759
Carolin;Abbt;27.01.1980;N;48001271927
Riivo;Pärnpuu;16.09.1962;M;36209167494
Niina;Kotov;02.01.1966;N;46601028224
Albert;Aun;15.08.1983;M;38308153314
Christofer;Kondratjev;28.06.1994;M;39406284591
Evita;Lindgren;08.07.1992;N;49207086050
Siim;Tuul;25.10.1983;M;38310252700
Marika;Sulg;24.05.1980;N;48005241970
Sander;Kala;12.04.1977;M;37704127447
Ene;Klimov;05.04.1983;N;48304056358
Getriin;Loorits;14.02.1998;N;49802147800
Ann;Nõmmik;30.06.1995;N;49506303298
Oscar;Powell;02.09.1978;M;37809020489
Sophia;Kissa;31.08.1996;N;49608318767
Anastasija;Kirs;09.06.1984;N;48406096990
Karolin;Roos;22.08.1992;N;49208229588
Anni;Kaur;17.12.1982;N;48212174504
Urmas;Mironov;26.11.1991;M;39111265067
Rando;Ojala;14.09.1972;M;37209143411
Liina;Powell;26.06.1981;N;48106260395
Nora;Jeršov;10.07.1966;N;46607101915
Anu;Gavrilov;13.10.1989;N;48910137743
Aliis;Jegorov;10.04.1961;N;46104104575
Helena;Liivamägi;05.10.1980;N;48010053230
Mart;Puusepp;08.05.1991;M;39105083274
Kairo;Palm;19.06.1961;M;36106196350
Meelis;Ruus;10.11.1976;M;37611109813
Siiri;Sepp;21.01.1981;N;48101217859
Jüri;Renoir;02.10.1977;M;37710022891
Lev;Hunt;03.03.1964;M;36403035417
Keiro;Lepik;30.10.1962;M;36210304145
Karl;Kont;21.01.1978;M;37801219644
Renno;Palu;19.08.1960;M;36008192980
Kaari;Kangur;23.06.1997;N;49706231593
Siret;Kaljuvee;15.08.1996;N;49608159900
Georg;Kangro;23.05.1975;M;37505234645
Kris;Luiga;12.12.1974;M;37412128429
Ailen;Kudrjavtsev;11.02.1974;N;47402115234
Ruslan;Mäe;19.08.1992;M;39208196075
Kenno;Sidorov;19.10.1981;M;38110197793
Ramon;Tomson;18.02.1974;M;37402183874
German;Kalm;16.04.1978;M;37804162889
Roberta;Randoja;25.03.1998;N;49803254734
Anastasija;Jakovlev;22.03.1995;N;49503222069
Pavel;Kaasik;10.10.1996;M;39610101785
Kristen;Kostin;12.10.1997;M;39710126982
Tauri;Fedotov;11.03.1983;M;38303110759
Christer;Mihhailov;29.04.1973;M;37304299508
Aliis;Lunin;12.09.1974;N;47409124932
Viola;Sepp;16.02.1970;N;47002163564
Elizaveta;Ernits;07.12.1988;N;48812070063
Mark;Melnik;14.01.1999;M;39901140444
Marleen;Merisaar;08.07.1994;N;49407084434
Brandon;Ploom;21.09.1988;M;38809217163
Karl;Pruul;15.10.1986;M;38610157348
Evelina;Trofimov;27.09.1984;N;48409273663
Sander;Allik;24.07.1989;M;38907242166
Sireli;Aus;09.02.1980;N;48002099063
Vjatšeslav;Kase;28.09.1972;M;37209285977
Aveli;Pärn;05.02.1986;N;48602059047
Lars;Mandel;06.08.1999;M;39908069261
Liisu;Raamat;23.05.1976;N;47605235845
Annaliis;Simm;19.05.1976;N;47605191841
Ergo;Nurk;05.04.1976;M;37604058366
Leelo;Lumi;22.08.1963;N;46308220999
Marlen;Ševtšenko;15.04.1979;N;47904158508
Anna-Maria;Kisseljov;16.06.1972;N;47206162415
Urmo;Püvi;19.05.1982;M;38205194911
Kaja;Kukk;07.04.1976;N;47604075188
Raina;Laane;24.10.1973;N;47310248314
Sergey;Siim;14.05.1999;M;39905142152
Aire;Kask;17.03.1982;N;48203179045
Maarja;Raja;19.06.1966;N;46606198367
Eret;Filatov;21.04.1969;N;46904210139
Karolin;Kondratjev;10.06.1995;N;49506109063
Artemi;Valk;24.05.1979;M;37905244514
Liisa;Aus;19.05.1963;N;46305195673
Krete;Lätt;10.10.1986;N;48610105220
Andrei;Kohv;07.07.1963;M;36307072937
Karolin;Fedorov;30.07.1961;N;46107306118
Ilmar;Lindgren;27.03.1962;M;36203276991
Raneli;Viik;02.09.1975;N;47509024821
Ilya;Lill;20.09.1990;M;39009202458
Kertu;Pärnpuu;27.10.1992;N;49210274415
Carmen;Piirsalu;07.08.1966;N;46608073038
Karl Mihkel;Loginov;17.05.1968;M;36805171111
Reivo;Vaher;05.06.1962;M;36206056390
Veroonika;Nikitin;02.05.1972;N;47205028664
Matis;Käsper;10.03.1973;M;37303103803
Vlad;Klaas;08.03.1975;M;37503082420
Alla;Jõe;13.02.1979;N;47902137218
Andrei;Arula;15.11.1993;M;39311152440
Beatrice;Mitt;24.01.1976;N;47601245669
Nelli;Aasa;23.08.1989;N;48908234692
Taavet;Viik;09.07.1994;M;39407092202
Anastasiya;Pulk;14.07.1979;N;47907142322
Robin;Kasemaa;24.06.1987;M;38706241099
Sander;Mann;09.01.1961;M;36101094033
Agnessa;Saveljev;07.09.1960;N;46009071446
Janari;Kiil;22.05.1995;M;39505227212
Marten;Tamme;15.06.1963;M;36306155597
Jako;Gross;03.05.1965;M;36505037272
Karl-Hendrik;Kirs;27.06.1967;M;36706272441
Sven;Rosenberg;26.05.1995;M;39505266825
Hanna-Liisa;Kalm;24.02.1969;N;46902243770
Andres;Visnapuu;23.11.1975;M;37511239717
Sirly;Org;18.02.1995;N;49502188914
Yury;Pihelgas;14.11.1983;M;38311149554
Artur;Klaas;19.08.1993;M;39308199936
Sirly;Kõiv;31.08.1980;N;48008314000
Rostislav;Tamberg;06.10.1987;M;38710060211
Olivia;Pulk;16.01.1997;N;49701166913
Hardi;Järvekülg;10.03.1960;M;36003107552
Piia;Egorov;08.11.1962;N;46211087117
Taavi;Vähi;27.09.1968;M;36809272295
Erik;Rosin;05.12.1983;M;38312054796
Jörgen;Kalamees;31.10.1963;M;36310314849
Kati;Kiil;11.12.1969;N;46912118817
Helerin;Teesalu;08.01.1962;N;46201080001
Natalja;Pihelgas;22.12.1996;N;49612224092
Sten Martin;Kuus;21.11.1963;M;36311213057
Triinu-Liis;Laks;19.09.1961;N;46109191933
Helena;Raag;05.08.1985;N;48508054516
Tuuli;Abderhalden;28.07.1988;N;48807281098
Reti;Gerassimov;26.06.1994;N;49406266300
Timofei;Trei;16.07.1992;M;39207160853
Keiu;Roosileht;07.09.1991;N;49109074522
Kersti;Remmel;02.07.1986;N;48607026231
Elizaveta;Lill;07.08.1961;N;46108079900
Mart;Kalamees;13.04.1990;M;39004134479
Katrina;Treier;08.07.1963;N;46307084052
Daria;Jeršov;05.09.1996;N;49609051654
Indra;Ojala;03.03.1970;N;47003037569
Age;Borissov;21.09.1983;N;48309211204
Kristiine;Ots;01.12.1975;N;47512018757
Heili;Kiil;14.02.1976;N;47602145963
Veroonika;Randmaa;01.01.1980;N;48001011619
Ronald;Kruglov;31.01.1992;M;39201318914
Loore;Kohv;07.07.1992;N;49207075038
Julius;Kapp;03.07.1999;M;39907034914
Dajana;Teesalu;07.04.1987;N;48704078897
Reimo;Kaljula;18.12.1968;M;36812184237
Riin;Suits;21.09.1961;N;46109217192
Silvia;Žukov;20.11.1970;N;47011202028
Vassili;Mitt;04.08.1999;M;39908045442
Reili;Michelson;06.12.1981;N;48112067052
Nora;Kurg;16.04.1980;N;48004164983
Killu;Tihhomirov;02.07.1984;N;48407021029
Imre;Sisask;15.12.1982;M;38212157375
Grethel;Volkov;10.08.1999;N;49908104968
Angeelika;Pruul;04.09.1961;N;46109048367
Anna Maria;Kuus;25.07.1994;N;49407253308
Ailen;Lätt;21.06.1962;N;46206212359
Armin;Jõesaar;21.02.1975;M;37502218764
Priit;Kool;12.05.1994;M;39405121878
Rein;Medvedev;21.08.1972;M;37208214201
Ervin;Kaljuvee;08.12.1991;M;39112084594
Eliise;Rumjantsev;12.10.1981;N;48110125144
Ivar;Karu;27.11.1993;M;39311276010
Filipp;Salumäe;25.10.1980;M;38010256261
Arko;Kull;27.10.1998;M;39810270487
Meelika;Marksoo;26.04.1971;N;47104261862
Andero;Loorits;21.05.1995;M;39505215870
Eva;Sepp;13.06.1989;N;48906130086
Veronica;Aus;30.07.1963;N;46307308101
Boris;Tarassov;05.03.1969;M;36903053453
Marcus;Teesalu;26.11.1970;M;37011265020
Hanna-Liina;Kirs;21.12.1979;N;47912219231
Katerina;Lillemets;25.07.1971;N;47107250266
Merli;Soots;07.11.1965;N;46511077408
Eve;Jaanson;30.11.1969;N;46911309646
Adele;Peterson;13.07.1966;N;46607131666
Denis;Kiil;17.12.1984;M;38412172370
Mia;Pavlov;04.04.1973;N;47304045755
Gabriel;Tuisk;16.12.1988;M;38812169262
Meelis;Luht;01.05.1997;M;39705014188
Amanda;Vahter;12.04.1977;N;47704121798
Enri;Väli;01.09.1976;M;37609017602
Sireli;Tiits;23.03.1988;N;48803230776
Roger;Jaakson;07.04.1981;M;38104077660
Igor;Koitla;10.01.1977;M;37701108548
Karl Robert;Karro;15.09.1971;M;37109152137
Geir;Kallaste;26.04.1968;M;36804268501
Feliks;Püvi;09.01.1996;M;39601098864
Mathias;Taal;20.11.1977;M;37711204639
Alexander;Mägi;22.07.1992;M;39207220295
Tormi;Raja;02.12.1975;M;37512025216
Karoli;Nurk;03.06.1994;N;49406032069
Nataly;Aasmäe;29.05.1990;N;49005297425
Marin;Pihelgas;14.09.1976;N;47609147295
Annaliisa;Valk;04.04.1973;N;47304048752
Silver;Panov;10.04.1978;M;37804103840
Kalle;Nõmme;26.11.1973;M;37311261092
Vallo;Kurm;27.06.1966;M;36606270832
Jorgen;Taal;20.12.1963;M;36312202727
Ruben;Raag;01.11.1986;M;38611012332
Mariana;Liiv;15.06.1977;N;47706153361
Nils;Davõdov;26.05.1994;M;39405266652
Kennet;Kont;27.08.1991;M;39108277297
Meribel;Liiv;08.07.1961;N;46107087348
Jörgen;Lukk;09.05.1991;M;39105093993
Kenneth;Nurm;04.05.1973;M;37305047180
Ivika;Kasemaa;30.09.1986;N;48609308969
Kirke;Adamson;25.03.1990;N;49003253436
Indrek;Raadik;12.04.1973;M;37304123613
Dagne;Vares;17.01.1987;N;48701171342
Marcos;Lääts;22.05.1983;M;38305225189
Ruslan;Borissov;06.05.1982;M;38205063497
Remo;Lunin;29.06.1973;M;37306291397
Valerija;Kurm;07.12.1968;N;46812079328
Kristella;Krõlov;21.07.1975;N;47507211588
Joosep;Kirss;23.04.1967;M;36704232418
Vanessa;Kuusk;17.05.1991;N;49105175179
Maksim;Renoir;07.11.1975;M;37511079854
Jevgeni;Tiik;01.02.1985;M;38502010349
Margarita;Oks;03.04.1982;N;48204035587
Martha;Pihlak;15.03.1990;N;49003159519
Rait;Hein;28.12.1962;M;36212282531
Leonard;Suits;16.07.1991;M;39107160896
Kaja;Komarov;06.04.1997;N;49704064167
Eerik;Jaanus;15.10.1974;M;37410151080
Kati;Tali;02.05.1964;N;46405024539
Rustam;Ojaste;11.11.1987;M;38711117359
Kerli;Org;22.08.1998;N;49808220791
Ronald;Pärtel;07.01.1978;M;37801078726
Laura;Kiik;23.09.1960;N;46009238489
Lada;Leht;12.06.1962;N;46206122839
Kadri;Medvedev;18.09.1981;N;48109180797
Kadri-Ann;Kalda;02.09.1960;N;46009023805
Natali;Püvi;30.03.1965;N;46503309708
Milena;Mänd;12.08.1978;N;47808127907
Renate;Pärnpuu;01.03.1972;N;47203015513
Brandon;Raid;07.12.1985;M;38512070401
Ian;Konovalov;01.04.1994;M;39404013832
Artemi;Matvejev;24.12.1991;M;39112244411
Alvar;Aavik;15.11.1987;M;38711155271
Kairi;Sokk;29.06.1962;N;46206293917
Reivo;Kostin;02.08.1993;M;39308026651
Kati;Mandel;09.11.1994;N;49411092008
Carl;Randoja;06.01.1974;M;37401064039
Grete;Täht;19.01.1968;N;46801191182
Nikolay;Aasmäe;07.11.1991;M;39111077554
Saveli;Tsvetkov;08.07.1977;M;37707084238
Leon;Kukk;07.06.1976;M;37606074663
Lauren;Õun;26.08.1964;N;46408262037
Hannabel;Roots;30.08.1998;N;49808302096
Olivia;Mäe;14.09.1977;N;47709147062
Viktorija;Gromov;25.09.1970;N;47009251023
Patricia;Jefimov;05.12.1999;N;49912056301
Trinity;Toom;28.04.1991;N;49104286185
Jevgenia;Kõiv;08.08.1972;N;47208089775
Marko;Roots;03.10.1998;M;39810030508
Keity;Danilov;04.03.1985;N;48503040329
Maiko;Põllu;08.02.1987;M;38702088273
Linda;Koval;25.05.1981;N;48105257960
Eva Maria;Jalakas;24.01.1979;N;47901241028
Ain;Marksoo;30.04.1986;M;38604303114
Karl Joonas;Nikiforov;27.10.1983;M;38310270908
Valentin;Jalakas;12.09.1965;M;36509124047
Martti;Anton;01.11.1999;M;39911015458
Timofei;Püvi;27.03.1997;M;39703273977
Ralf;Kozlov;22.08.1997;M;39708224230
Antti;Orlov;22.02.1991;M;39102226858
Emeri;Kont;10.06.1996;N;49606102065
Taisi;Saare;31.08.1961;N;46108312988
Kevin;Pajula;08.04.1995;M;39504083419
Marina;Klein;17.09.1971;N;47109178930
Annaliisa;Raja;11.08.1993;N;49308119376
Edvin;Ots;03.09.1975;M;37509039846
Olari;Luiga;26.04.1978;M;37804268804
Karl Marten;Järvekülg;06.09.1968;M;36809065083
Ingel;Raud;22.08.1981;N;48108221934
Janelle;Bell;11.10.1995;N;49510117323
Keiro;Säde;19.09.1973;M;37309193678
Lilian;Sorokin;04.11.1969;N;46911042299
Ervin;Rosenberg;11.09.1973;M;37309117423
Taimar;Prikk;08.04.1976;M;37604081332
Helar;Lääne;09.06.1989;M;38906098171
Annabel;Säde;02.09.1975;N;47509020875
Nele-Liis;Tomson;15.01.1994;N;49401156382
Alan;Filatov;05.12.1961;M;36112053004
Rebekka;Kirsipuu;17.06.1962;N;46206173367
Eleonora;Pärna;15.07.1962;N;46207153722
Kaili;Pärnpuu;25.11.1993;N;49311259206
Remy;Nõmmik;12.07.1974;M;37407121861
Ain;Kiik;24.12.1962;M;36212246414
German;Marksoo;14.08.1987;M;38708149102
Norman;Raid;12.10.1964;M;36410125192
Elisa;Kaur;28.09.1990;N;49009284979
Maiko;Sillaste;10.11.1967;M;36711106270
Keven;Solovjov;02.12.1991;M;39112024165
Marti;Salumets;06.09.1985;M;38509064985
Olev;Panov;16.03.1962;M;36203164280
Igor;Powell;30.10.1993;M;39310305431
Simon;Lauri;17.04.1983;M;38304172291
Lisa;Juhkam;10.02.1976;N;47602106290
Kenneth;Liivamägi;25.03.1996;M;39603253943
Gerttu;Trei;02.07.1982;N;48207022265
Arseni;Kirss;15.06.1985;M;38506153847
Gretel;Makarov;18.06.1996;N;49606183005
Kaur;Konovalov;03.07.1990;M;39007032795
Ariana;Kelder;20.11.1982;N;48211207753
Joanna;Arula;17.02.1975;N;47502173417
Krete;Lang;10.07.1983;N;48307107411
Keit;Saar;28.08.1986;M;38608286092
Daniella;Karpova;06.12.1989;N;48912069585
Egon;Erm;13.03.1995;M;39503135596
Maire;Antonov;05.01.1971;N;47101057947
Ruben;Suvi;18.05.1969;M;36905181442
Arti;Uustalu;14.02.1966;M;36602147161
Heidy;Lind;17.05.1986;N;48605175592
Ivan;Lehiste;22.04.1978;M;37804225909
Gretel;Sibul;04.04.1981;N;48104047854
Elisa;Korol;25.01.1984;N;48401256492
Krister;Gross;24.04.1981;M;38104241972
Fred;Pavlov;22.12.1976;M;37612228949
Evgeniya;Lipp;01.02.1962;N;46202016401
Mart;Peterson;07.09.1981;M;38109079294
Arabella;Novikov;24.08.1965;N;46508247347
Inna;Mändla;20.09.1984;N;48409206948
Kerttu;Maripuu;30.06.1999;N;49906309597
Alice;Kärner;16.03.1995;N;49503163218
Erkki;Danilov;06.03.1963;M;36303060108
Kelly;Valk;13.12.1979;N;47912139689
Andra;Ivask;09.09.1965;N;46509095945
Cassandra;Pärna;04.05.1965;N;46505047732
Olga;Roots;28.01.1975;N;47501288055
Kristiina;Õunapuu;15.05.1988;N;48805151749
Aivar;Kolk;01.03.1991;M;39103018067
Toivo;Sikorski;12.08.1999;M;39908125094
Reio;Kasak;25.03.1981;M;38103252233
Karl Kristjan;Ojaste;17.12.1973;M;37312174709
Raneli;Vinogradov;18.07.1987;N;48707180714
Cevin;Mihhailov;20.03.1976;M;37603204711
Vadim;Simm;16.06.1961;M;36106160383
Elo;Raidma;29.05.1979;N;47905298092
Tatjana;Zahharov;18.04.1973;N;47304189397
Lilian;Visnapuu;15.10.1975;N;47510151895
Mike;Laht;01.06.1998;M;39806016969
Helle;Jarvis;01.07.1965;N;46507018503
Birgit;Meister;30.04.1963;N;46304302160
Karl Jakob;Matvejev;21.11.1963;M;36311215827
Victoria;Lillemets;12.04.1991;N;49104120650
Marje;Kuus;28.03.1987;N;48703280333
Kaspar;Ivanov;21.02.1968;M;36802215908
Meeri;Lindgren;22.11.1972;N;47211224560
Katre;Jürgenson;19.06.1979;N;47906190207
Simona;Põld;10.05.1983;N;48305108368
Käti;Gavrilov;29.06.1980;N;48006293241
Ago;Liivamägi;06.02.1984;M;38402068530
Karl Erik;Aasmäe;10.02.1980;M;38002106702
Aire;Klaas;07.10.1995;N;49510077455
Greete;Palm;13.11.1998;N;49811130809
Kätlin;Nikiforov;18.09.1986;N;48609184961
Marti;Poljakov;13.05.1965;M;36505134219
Keimo;Orlov;14.09.1998;M;39809141291
Jaroslav;Kissa;01.03.1965;M;36503011230
Tobias;Tomingas;01.03.1986;M;38603014424
David;Salu;14.02.1986;M;38602145730
Mirko;Suits;09.06.1975;M;37506091665
Kendra;Vähi;28.03.1962;N;46203280021
Natalija;Kudrjavtsev;04.10.1978;N;47810045340
Alisa;Novikov;06.10.1976;N;47610064605
Milena;Hansen;18.05.1988;N;48805187073
Nele-Liis;Gross;15.10.1984;N;48410153411
Erkki;Müür;31.03.1984;M;38403316854
Rainis;Pärn;23.08.1977;M;37708234309
Marko;Kotov;13.05.1983;M;38305138728
Lembit;Kaljula;03.10.1997;M;39710031941
Reili;Lipp;11.09.1989;N;48909117470
Artem;Simson;10.05.1984;M;38405104972
Reti;Kuuse;22.05.1980;N;48005220859
Deniss;Kurg;16.06.1995;M;39506163429
Liisi;Gorbunov;05.08.1970;N;47008052057
Germo;Sild;16.10.1984;M;38410165992
Maarja;Baskin;19.07.1997;N;49707198179
Arnold;Hansen;15.07.1979;M;37907155863
Karl Johannes;Treier;10.04.1980;M;38004107374
Kristella;Tamberg;05.11.1990;N;49011053518
Madli;Koval;22.11.1986;N;48611229506
Janar;Järv;17.12.1974;M;37412171187
Annela;Nurk;14.12.1970;N;47012145033
Ranno;Sepp;15.02.1990;M;39002158620
Karl Kristjan;Kalinin;05.09.1995;M;39509058129
Rando;Danilov;29.12.1990;M;39012299612
Kelli;Kangur;28.12.1980;N;48012289468
Liana;Hanson;06.09.1990;N;49009068323
Joanna;Saul;04.10.1970;N;47010043243
Kristine;Gorbunov;29.05.1968;N;46805294467
Natalja;Kodres;03.04.1991;N;49104037318
Tairo;Ivask;02.09.1988;M;38809021468
Renata;Kikas;12.04.1984;N;48404128487
Grethel;Kangro;06.06.1995;N;49506067792
Eliisa;Reimann;28.11.1982;N;48211282020
Konstantin;Loorits;02.03.1977;M;37703029359
Evelina;Siim;16.07.1965;N;46507161007
Raimond;Saare;15.10.1967;M;36710159199
Hans Erik;Põld;29.03.1985;M;38503298288
Anita;Hallik;22.05.1962;N;46205228063
Karl-Hendrik;Õun;29.11.1977;M;37711296094
Talis;Štšerbakov;16.11.1971;M;37111164532
Anna Liisa;Malõšev;31.01.1996;N;49601310569
Tõnu;Ader;25.12.1975;M;37512253852
Merlyn;Juhanson;19.12.1996;N;49612198045
Kärt;Jänes;06.12.1982;N;48212069572
Evgeniya;Saar;22.11.1969;N;46911229107
Kerti;Koit;30.04.1973;N;47304300458
Ronja;Golubev;06.10.1990;N;49010067440
Kenno;Hõbe;16.12.1970;M;37012160932
Jana;Tõnisson;27.01.1995;N;49501272533
Annabel;Müürsepp;14.09.1983;N;48309142206
Karol;Lapin;03.03.1996;M;39603037533
Kevin;Uustalu;24.06.1994;M;39406249291
Keimo;Luht;21.03.1981;M;38103216565
Kalev;Voronin;16.01.1975;M;37501163418
Sirly;Frolov;02.04.1983;N;48304026439
Mailis;Hõbe;07.06.1995;N;49506071180
Liina;Leppik;02.01.1969;N;46901021855
Harry;Friedman;25.07.1995;M;39507251316
Even;Laas;12.08.1978;M;37808122927
Andrias;Mercklin;26.06.1987;M;38706260225
Evelina;Pihelgas;03.12.1976;N;47612038858
Klim;Kallas;22.12.1996;M;39612225791
Katrina;Kasemaa;21.04.1984;N;48404215085
Mairi;Alas;18.05.1978;N;47805182880
Mai-Liis;Kiis;10.03.1991;N;49103105344
Marje;Sarap;16.03.1989;N;48903167509
Kirke;Kaljuste;09.05.1998;N;49805091883
Marco;Rebane;29.05.1996;M;39605293579
Arseni;Lang;24.10.1987;M;38710240789
Margaret;Moroz;15.07.1993;N;49307155283
Marju;Sarap;03.11.1970;N;47011038250
Ruslan;Mihhailov;26.08.1996;M;39608260490
Rainis;Vahter;27.02.1970;M;37002276178
Grete;Mõttus;23.03.1986;N;48603233521
Janar;Saul;22.02.1985;M;38502227486
Merilyn;Marksoo;01.04.1985;N;48504017867
Andry;Sander;02.07.1977;M;37707025019
Tairo;Rätsep;12.11.1999;M;39911121272
Marianna;Arro;26.06.1981;N;48106261926
Geir;Mäeots;23.11.1987;M;38711230065
Heidi;Arrak;15.11.1966;N;46611154016
Eliise;Randoja;13.11.1976;N;47611138380
Anastasija;Muru;06.09.1994;N;49409061038
Hugo;Kallaste;22.09.1999;M;39909221987
Jarek;Teras;04.07.1992;M;39207047525
Eero;Markus;23.08.1973;M;37308238188
Liise;Toom;26.12.1981;N;48112262981
Karoliine;Abel;24.02.1963;N;46302245333
Karmel;Karpova;05.08.1987;N;48708057271
Karoline;Konstantinov;30.10.1967;N;46710305467
Albert;Mäeots;08.11.1978;M;37811085774
Anete;Maripuu;26.05.1971;N;47105264965
Heli;Kriisa;25.04.1995;N;49504257556
Kelvin;Lehiste;10.11.1983;M;38311103676
Sigrid;Parts;01.11.1997;N;49711019555
Kaidi;Kelder;13.08.1971;N;47108139704
Karita;Vlassov;08.02.1996;N;49602085975
Liisi;Maslov;14.06.1984;N;48406143605
Lisa;Mann;27.06.1978;N;47806278901
Ander;Semenov;27.01.1977;M;37701270103
Karina;Käär;26.02.1979;N;47902269503
Taivo;Laas;16.04.1998;M;39804161544
Sören;Trofimov;22.08.1974;M;37408220929
Artem;Leis;22.07.1972;M;37207222816
Ekaterina;Tamberg;15.08.1969;N;46908156587
Timmo;Aas;01.05.1976;M;37605012086
Ahti;Pavlov;08.07.1978;M;37807085205
Eleanora;Annus;23.07.1996;N;49607238364
Eleonora;Lomp;06.06.1992;N;49206066590
Piret;Tuisk;15.11.1976;N;47611159187
Marje;Andreev;23.08.1999;N;49908235682
Andro;Arro;25.06.1977;M;37706258530
Johanna Maria;Tõnisson;25.11.1989;N;48911259615
Sulev;Paas;22.09.1969;M;36909225351
Villem;Mäeots;19.04.1989;M;38904198523
Agris;Andreev;13.12.1998;M;39812135416
Eliisabet;Toom;21.02.1996;N;49602216186
Katrina;Suits;14.08.1964;N;46408143421
Renet;Tihhomirov;01.05.1962;M;36205017717
Laura;Kuusik;23.01.1995;N;49501233516
Ott;Koval;21.02.1971;M;37102219997
Maria;Pärnpuu;02.12.1991;N;49112026963
Leanika;Palm;03.12.1991;N;49112033292
Toivo;Koort;06.12.1960;M;36012065716
Epp;Ivanov;02.09.1987;N;48709021880
Eva Maria;Orav;01.09.1961;N;46109016641
Tatiana;Kotkas;13.08.1970;N;47008139177
Kristine;Petrov;13.04.1967;N;46704135451
Maarja-Liisa;Pajula;20.02.1970;N;47002204934
Kärt;Kudrjavtsev;01.10.1971;N;47110015258
Tomas;Mark;18.05.1962;M;36205182154
Karoliina;Merisaar;28.12.1967;N;46712283953
Markkus;Volkov;18.06.1989;M;38906185017
Mikhail;Leht;22.09.1968;M;36809226542
Yulia;Paap;29.11.1988;N;48811296697
Urmas;Green;20.03.1970;M;37003200075
Lisa;Koort;13.12.1970;N;47012130189
Kalle;Mõttus;21.07.1989;M;38907215011
Eerik;Aasmäe;25.01.1961;M;36101255829
Henrik;Jõesaar;17.07.1993;M;39307173633
Natalja;Voronin;26.02.1960;N;46002268337
Lisbeth;Vill;23.11.1960;N;46011234198
Ülari;Laan;27.09.1962;M;36209271117
Helena;Saare;22.07.1997;N;49707226691
Getriin;Hunt;12.05.1971;N;47105128096
Vladimir;Davõdov;20.07.1961;M;36107202831
Ernst;Panov;14.12.1971;M;37112145252
Rainis;Pavlov;30.11.1966;M;36611307025
Agne;Kurg;05.01.1971;N;47101052994
Marilyn;Tammet;13.10.1990;N;49010139878
Jesper;Mitt;17.07.1985;M;38507174113
Lily;Juhanson;14.09.1971;N;47109146822
Maik;Vorobjov;04.07.1978;M;37807044743
Jörgen;Mercklin;04.12.1987;M;38712049625
Filipp;Rand;01.12.1986;M;38612014625
Ingrit;Jõesaar;21.06.1981;N;48106210608
Heidy;Tammik;24.04.1969;N;46904245395
Kaja;Nikolaev;20.06.1993;N;49306205655
Reeli;Afanasjev;20.10.1976;N;47610205457
Loore;Kuningas;07.11.1990;N;49011070067
Sander;Koval;06.09.1989;M;38909062106
Simona;Pikk;14.07.1998;N;49807149672
Merje;Lind;24.07.1960;N;46007245153
Kätlin;Kont;27.05.1987;N;48705278735
Ülari;Sisask;27.05.1976;M;37605278392
Airiin;Koger;11.07.1981;N;48107113422
Ruslan;Kivi;12.08.1969;M;36908129637
Viktoria;Valge;14.09.1997;N;49709140539
Jekaterina;Mitt;26.12.1964;N;46412268685
Gloria;Kasak;23.03.1961;N;46103237487
Elery;Lukk;23.05.1990;N;49005238153
Christina;Lember;16.01.1966;N;46601165316
Piret;Kuznetsov;13.01.1967;N;46701139557
Grete-Liis;Ossipov;26.02.1972;N;47202269214
Kalle;Mercklin;11.11.1992;M;39211119414
Julija;Kalamees;05.04.1971;N;47104058961
Enely;Lebedev;20.03.1991;N;49103201027
Ülari;Viik;25.08.1978;M;37808253212
Valentin;Kivilo;14.08.1993;M;39308146591
Tristan;Kalamees;14.12.1997;M;39712141578
Sulev;Filippov;17.08.1991;M;39108171612
Enely;Kalda;31.03.1968;N;46803314684
Mai-Liis;Veski;11.03.1976;N;47603118245
Peep;Must;27.03.1976;M;37603279119
Anu;Lass;30.06.1999;N;49906309937
Nikolai;Vill;20.07.1983;M;38307203862
Anna-Liis;Anderson;05.08.1985;N;48508056560
Sanna;Markson;31.12.1980;N;48012317079
Aksel;Mäe;12.10.1994;M;39410124693
Signe;Zujev;25.12.1969;N;46912253704
Lisa;Raid;22.09.1981;N;48109222961
Elo;Sibul;09.11.1974;N;47411097082
Lisette;Kaljula;06.12.1968;N;46812066220
Tarmo;Arrak;06.08.1977;M;37708069286
Ron;Matvejev;07.05.1984;M;38405077690
Jesper;Jermakov;03.03.1961;M;36103039273
Kermo;Dmitriev;09.05.1969;M;36905099714
Sigmar;Pärna;16.06.1994;M;39406166757
Ramon;Pavlov;25.04.1988;M;38804257523
Vladislav;Allas;02.11.1962;M;36211025498
Maidu;Allik;13.02.1996;M;39602138593
Viktoria;Väli;13.05.1981;N;48105136745
Laura;Abel;27.02.1971;N;47102272629
Konstantin;Erik;06.09.1964;M;36409060522
Brigita;Frolov;01.07.1997;N;49707014847
Kristian;Tuul;19.12.1998;M;39812190096
Annaliis;Kurvits;03.10.1984;N;48410030530
Danil;Melnik;09.01.1994;M;39401092916
Hannabel;Juhanson;26.09.1976;N;47609267089
Edvin;Pulk;24.04.1987;M;38704242343
Emili;Viik;08.12.1991;N;49112086797
Reelika;Kuus;30.09.1961;N;46109304716
Anete;Randoja;13.01.1983;N;48301137183
Ramon;Vares;16.07.1997;M;39707169364
Devid;Kuusik;10.05.1968;M;36805103153
Jonas;Anderson;15.09.1972;M;37209158437
Roomet;Annus;24.11.1998;M;39811246923
Ene;Kukk;08.09.1999;N;49909082828
Matthias;Raidma;11.01.1965;M;36501115346
Ahti;Miller;26.08.1972;M;37208267428
Ketly;Post;08.09.1970;N;47009082580
Steven;Raja;15.07.1972;M;37207151824
Heidy;Kirillov;10.06.1987;N;48706104550
Kiur;Mironov;28.04.1987;M;38704282488
Rahel;Kozlov;04.07.1968;N;46807042909
Janno;Soon;28.01.1970;M;37001282898
Maarja;Männiste;28.04.1986;N;48604286400
Elar;Kivi;27.02.1967;M;36702270213
Siim;Kostin;30.08.1986;M;38608301992
Evelin;Muru;27.06.1978;N;47806273081
Stiven;Palm;16.03.1962;M;36203166363
Merit;Kruus;27.08.1970;N;47008273738
Hans Erik;Markson;19.04.1983;M;38304196911
Nikolay;Erik;05.10.1983;M;38310056800
Margo;Õunapuu;08.03.1998;M;39803081618
Carmen;Kirss;21.12.1985;N;48512217672
Eliise;Lehtla;01.10.1987;N;48710010040
Ele;Laks;20.04.1969;N;46904202048
Yulia;Tooming;16.01.1983;N;48301168111
Erik;Lotman;31.10.1968;M;36810319931
Sabrina;Eller;02.11.1995;N;49511025334
Mattis;Suur;24.05.1961;M;36105247960
Indra;Randoja;20.04.1999;N;49904206763
Anastasija;Bondarenko;23.09.1961;N;46109231750
Kätrin;Sergejev;03.09.1971;N;47109035442
Gloria;Kasemaa;19.04.1963;N;46304192296
Risto;Mädamürk;24.06.1996;M;39606247726
Elerin;Oja;14.04.1973;N;47304143355
Angelika;Luiga;21.10.1994;N;49410210368
Alondra;Kodres;29.10.1995;N;49510295459
Hanno;Laine;17.02.1964;M;36402170621
Arlet;Klaas;20.09.1963;M;36309208655
Mikk;Kozlov;15.07.1997;M;39707159166
Mariliis;Timofejev;22.06.1993;N;49306221041
Tambet;Luts;16.09.1965;M;36509165060
Melissa;Kirs;22.04.1962;N;46204224484
Rihard;Põder;28.02.1986;M;38602288168
Diana;Kiik;25.08.1984;N;48408257845
Kaja;Timofejev;06.10.1974;N;47410062990
Inna;Kool;08.08.1990;N;49008080921
Melani;Õispuu;08.01.1992;N;49201087639
Vanessa;Käsper;30.10.1997;N;49710301423
Yulia;Laan;23.03.1974;N;47403234655
Janek;Alas;14.12.1979;M;37912143471
Anders;Žuravljov;23.12.1993;M;39312237537
Isabel;Sisask;08.05.1966;N;46605081999
Katariina;Kuningas;19.09.1989;N;48909191117
Sten-Erik;Raid;27.08.1960;M;36008272638
Romek;Pärnpuu;29.04.1962;M;36204299665
Cärolin;Martin;20.02.1974;N;47402209711
Holger;Nõmmik;29.05.1997;M;39705293362
Marii;Kriisa;18.08.1970;N;47008182266
Helen;Mädamürk;17.04.1984;N;48404178023
Natali;Danilov;20.02.1999;N;49902202028
Ksenia;Lember;02.10.1962;N;46210026812
Jorgen;Aus;03.07.1996;M;39607032638
Melani;Herodes;19.02.1976;N;47602197803
Tarvi;Bõstrov;16.05.1971;M;37105165434
Elisabeth;Klaas;31.07.1973;N;47307317941
Kairit;Teder;28.01.1986;N;48601285732
Lisell;Õunapuu;04.07.1960;N;46007046683
Alisa;Ignatjev;10.04.1966;N;46604100383
Rando;Lukk;14.02.1969;M;36902144375
Lisanne;Pajula;09.05.1980;N;48005098477
Cevin;Nuut;17.03.1965;M;36503179025
Kirill;Sulg;15.10.1992;M;39210150449
Felix;Liivak;21.04.1991;M;39104218213
Simon;Gavrilov;17.08.1980;M;38008172131
Anett;Niit;16.11.1995;N;49511166660
Hans;Maripuu;03.10.1985;M;38510039285
Allan;Mark;01.01.1969;M;36901018947
Kätriin;Vasiliev;19.09.1979;N;47909198930
Anžela;Kruglov;11.02.1990;N;49002110290
Ljubov;Luik;07.03.1992;N;49203078241
Anna-Liis;Kaljurand;03.01.1970;N;47001038987
Andree;Hoffmann;19.06.1973;M;37306191821
Siiri;Uibo;25.01.1967;N;46701259414
Raimond;Romanov;14.02.1962;M;36202149948
Maidu;Reinsalu;01.02.1994;M;39402014482
Vlada;Kass;14.07.1965;N;46507145234
Angela;Uus;23.04.1993;N;49304235726
Heino;Toom;21.08.1993;M;39308216857
Olivia;Kapp;16.04.1974;N;47404160364
Eve;Treial;30.09.1985;N;48509309002
Reena;Tomson;11.08.1969;N;46908119037
Annely;Visnapuu;25.12.1975;N;47512252633
Jarek;Koort;07.11.1966;M;36611070630
Helin;Liivamägi;29.09.1987;N;48709294596
Nikolai;Laas;21.05.1964;M;36405212683
Dan;Mürk;20.10.1975;M;37510205994
Aurelia;Laas;13.04.1995;N;49504133575
Arkadi;Piho;16.06.1969;M;36906163959
Albert;Aus;13.01.1986;M;38601134777
Vjatšeslav;Käär;27.03.1989;M;38903273474
Carlos;Vaht;06.04.1994;M;39404067457
Karoliine;Kaasik;11.12.1991;N;49112116525
Sergey;Raudsepp;26.11.1989;M;38911264623
Tiia;Püvi;21.01.1982;N;48201218815
Kalmer;Teras;12.08.1972;M;37208125120
Olivia;Kruglov;13.03.1992;N;49203139150
Kerttu;Õunapuu;13.10.1995;N;49510137207
Kaimar;Ignatjev;04.09.1998;M;39809043437
Tamara;Kool;25.07.1969;N;46907257403
Egon;Jürgenson;26.06.1978;M;37806263133
Erko;Rohtla;21.07.1969;M;36907213415
Gleb;Kostin;06.12.1988;M;38812069723
Ahti;Paju;23.08.1964;M;36408238532
Arlet;Konovalov;26.10.1974;M;37410267126
Kertu;Belov;03.03.1964;N;46403037965
Anni;Toots;29.01.1964;N;46401297889
Indra;Männik;11.11.1985;N;48511116332
Mirell;Tilk;13.03.1964;N;46403136053
Mattias;Vlassov;30.01.1971;M;37101300595
Christina;Kostin;28.06.1984;N;48406288385
Emily;Madisson;28.10.1966;N;46610281497
Margareth;Frolov;13.03.1984;N;48403139066
Ronald;Kriisa;21.07.1980;M;38007210443
Eleri;Õunapuu;25.04.1999;N;49904253904
Aron;Saveljev;25.01.1961;M;36101259218
Kelvin;Vares;21.08.1972;M;37208212982
Caroline;Kull;02.01.1969;N;46901020504
Reili;Viira;23.03.1989;N;48903230589
Jonas;Raadik;11.12.1963;M;36312119439
Vitali;Kool;07.05.1977;M;37705070704
Marta;Trei;05.10.1995;N;49510052418
Andri;Saveljev;07.01.1993;M;39301074718
Liisa Maria;Oras;19.08.1997;N;49708198832
Alexander;Jaanus;23.03.1975;M;37503238192
Liia;Maksimov;22.10.1976;N;47610221509
Gerdo;Uustalu;11.08.1975;M;37508115217
Andris;Anton;11.08.1974;M;37408111506
Heigo;Voronin;18.05.1964;M;36405188152
Ronald;Juhkam;01.10.1962;M;36210019452
Enrico;Vaher;03.03.1979;M;37903036800
Aurelia;Heinsoo;09.09.1972;N;47209091301
Viktoria;Järve;24.04.1963;N;46304247460
Kaili;Kirsipuu;26.06.1988;N;48806263338
Karl Oskar;Aasa;02.10.1995;M;39510026590
Jevgeni;Liblik;12.11.1994;M;39411121948
Marge;Oras;28.05.1992;N;49205287703
Reimo;Aasa;01.11.1964;M;36411014005
Roger;Koppel;11.08.1961;M;36108116870
Gennadi;Jaanson;26.03.1961;M;36103260147
Eliza;Sild;25.07.1993;N;49307255130
Aet;Lunin;11.12.1992;N;49212119102
Robert;Konstantinov;09.04.1983;M;38304094659
Nadežda;Abbt;29.12.1987;N;48712298672
Amina;Sikk;19.01.1978;N;47801191269
Keiti;Rosenberg;19.12.1999;N;49912193022
Joosep;Lukk;23.09.1972;M;37209239758
Margus;Lääne;26.06.1965;M;36506262622
Aveli;Kant;03.02.1984;N;48402035789
Emma;Kolk;25.08.1990;N;49008259372
Martin;Järv;14.03.1993;M;39303141154
Arnold;Lipp;27.09.1974;M;37409279496
Merli;Sillaste;29.02.1996;N;49602292347
Marija;Romanov;09.12.1972;N;47212096948
Eva;Nõmme;03.06.1960;N;46006038612
Konstantin;Raidma;31.07.1997;M;39707317454
Markkus;Lukk;26.08.1967;M;36708261667
Renno;Bogdanov;22.11.1960;M;36011224291
Hannes;Hanson;22.03.1997;M;39703228593
Elerin;Loorits;08.02.1995;N;49502088062
Felix;Kangur;18.03.1997;M;39703185659
Meribel;Ignatjev;09.04.1968;N;46804097980
Heiko;Sikk;14.04.1974;M;37404147534
Valeriya;Jakobson;12.10.1974;N;47410123663
Melany;Arrak;26.02.1989;N;48902264428
Nadežda;Abbt;21.10.1995;N;49510218391
Caspar;Palu;05.08.1982;M;38208053064
Albert;Järvekülg;20.06.1966;M;36606200096
Katri;Pihlak;27.11.1993;N;49311274080
Taago;Martinson;25.06.1962;M;36206255969
Gert;Aleksandrov;01.05.1965;M;36505010724
Renno;Kroon;13.09.1992;M;39209132773
Aliis;Lääts;23.08.1972;N;47208235308
Emili;Kiil;18.06.1975;N;47506188305
Rûta;Kļaviņš;31.12.1999;N;49912311234
Elîza;Kalniņš;31.12.1999;N;49912312345
Dārta;Bērziņš;31.12.1999;N;49912313456
Šaša;Želežnjov;31.12.1999;M;39912911235